ANO,NOME,INSTITUICAO_ENSINO_ALUNO,IDADE_ALUNO,ANOS_PM,PONTO_VIRADA,INDE,INDE_CONCEITO,PEDRA,DESTAQUE_IEG,DESTAQUE_IDA,DESTAQUE_IPV,IAA,IEG,IPS,IDA,IPP,IPV,IAN,FASE,TURMA,SINALIZADOR_INGRESSANTE,REC_AVA_1,REC_AVA_2,REC_AVA_3,REC_AVA_4,DEFASAGEM,FASE_IDEAL,ANO_INGRESSO,BOLSISTA,CG,CF,CT,NOTA_PORT,NOTA_MAT,NOTA_ING,QTD_AVAL,INDICADO_BOLSA,__index_level_0__
2020,ALUNO-919,Escola Pública,15,0,0,7.1305570000000005,C,Ágata,Ponto a melhorar em 2021: Melhorar a sua entrega de lições de casa.,Ponto a melhorar em 2021: Empenhar-se mais nas aulas e avaliações.,Seu destaque em 2020: A sua boa integração aos Princípios Passos Mágicos.,8.75001,6,7.5,5.333333333333333,7.500000000000001,7.444446666666667,10,Fase 5,A,NA,NA,NA,NA,NA,NA,NA,NA,NA,NA,NA,NA,NA,NA,NA,NA,NA,918
2021,ALUNO-657,Escola Pública,NA,NA,1,8.046,NA,Ametista,NA,NA,NA,9.5,6.3,7.5,8.5,9,10,5,Fase 2,P,Veterano,Promovido de Fase + Bolsa,Promovido de Fase,Promovido de Fase + Bolsa,Não avaliado,-1,Fase 3 ,NA,NA,NA,NA,NA,NA,NA,NA,NA,NA,656
2020,ALUNO-944,Escola Pública,14,3,0,5.510277666666668,D,Quartzo,Ponto a melhorar em 2021: Melhorar a sua entrega de lições de casa.,Ponto a melhorar em 2021: Empenhar-se mais nas aulas e avaliações.,Ponto a melhorar em 2021: Integrar-se mais aos Princípios Passos Mágicos.,9.58335,2.6,6.875,4.333333333333333,8.333333333333334,5.722213333333335,5,Fase 3,H,NA,NA,NA,NA,NA,NA,NA,NA,NA,NA,NA,NA,NA,NA,NA,NA,NA,943
2022,ALUNO-870,NA,NA,NA,1,8.427782,NA,Topázio,Destaque: A sua boa entrega das lições de casa.,Destaque: As suas boas notas na Passos Mágicos.,Destaque: A sua boa integração aos Princípios Passos Mágicos.,10.00002,10,7.5,8,6.666666666666666,9.555566666666666,5,Fase 2,L,NA,Promovido de Fase,Promovido de Fase,Mantido na Fase atual,NA,NA,Fase 3 ,2022,0,43,4,2,6,10,NA,3,0,869
2021,ALUNO-185,Escola Pública,NA,NA,0,7.906,NA,Ametista,NA,NA,NA,8,10,7.5,5.4,7.2,7.8,10,ALFA,M,Ingressante,Mantido na Fase atual,Mantido na Fase atual,Não avaliado,Não avaliado,0,ALFA  ,NA,NA,NA,NA,NA,NA,NA,NA,NA,NA,184
2020,ALUNO-657,Escola Pública,11,1,0,8.776947333333334,A,Topázio,Seu destaque em 2020: A sua boa entrega das lições de casa.,Seu destaque em 2020: As suas boas notas na Passos Mágicos.,Seu destaque em 2020: A sua boa integração aos Princípios Passos Mágicos.,9.000020000000001,9.6,7.5,8.5,8.958333333333332,8.055560000000002,10,Fase 2,P,NA,NA,NA,NA,NA,NA,NA,NA,NA,NA,NA,NA,NA,NA,NA,NA,NA,656
2022,ALUNO-254,NA,NA,NA,0,7.775658894736842,NA,Ametista,Destaque: A sua boa entrega das lições de casa.,Melhorar: Empenhar-se mais nas aulas e avaliações.,Melhorar: Integrar-se mais aos Princípios Passos Mágicos.,9.50002,9.649122807017545,7.5,5.416666666666666,5.625,7.499995,10,ALFA,U,NA,Mantido na Fase atual,Mantido na Fase atual,NA,NA,NA,ALFA  ,2022,0,211,55,5,4.333333333333333,6.5,NA,2,0,253
2021,ALUNO-797,Escola Pública,NA,NA,0,2.468,NA,Quartzo,NA,NA,NA,0,0.4,6.3,0,6.9,4.1,2.5,Fase 2,R,Veterano,Mantido na Fase atual,Mantido na Fase atual,Mantido na Fase atual,Não avaliado,-4,Fase 6 ,NA,NA,NA,NA,NA,NA,NA,NA,NA,NA,796
2020,ALUNO-334,NA,NA,NA,NA,NA,NA,NA,NA,NA,NA,NA,NA,NA,NA,NA,NA,NA,NA,NA,NA,NA,NA,NA,NA,NA,NA,NA,NA,NA,NA,NA,NA,NA,NA,NA,NA,333
2022,ALUNO-409,NA,NA,NA,0,6.380177212121212,NA,Ágata,Destaque: A sua boa entrega das lições de casa.,Melhorar: Empenhar-se mais nas aulas e avaliações.,Melhorar: Integrar-se mais aos Princípios Passos Mágicos.,5.75,8.393939393939394,5,5.5,6.041666666666666,7.111113333333333,5,Fase 2,U,NA,Mantido na Fase atual,Promovido de Fase,Mantido na Fase atual,NA,NA,Fase 3 ,2022,0,664,121,12,5,6,NA,3,0,408
2021,ALUNO-1024,NA,NA,NA,NA,NA,NA,NA,NA,NA,NA,NA,NA,NA,NA,NA,NA,NA,NA,NA,NA,NA,NA,NA,NA,NA,NA,NA,NA,NA,NA,NA,NA,NA,NA,NA,NA,1023
2021,ALUNO-199,NA,NA,NA,NA,NA,NA,NA,NA,NA,NA,NA,NA,NA,NA,NA,NA,NA,NA,NA,NA,NA,NA,NA,NA,NA,NA,NA,NA,NA,NA,NA,NA,NA,NA,NA,NA,198
2020,ALUNO-583,Escola Pública,14,1,0,7.424375833333333,B,Ametista,Ponto a melhorar em 2021: Melhorar a sua entrega de lições de casa.,Seu destaque em 2020: As suas boas notas na Passos Mágicos.,Seu destaque em 2020: A sua boa integração aos Princípios Passos Mágicos.,7.08334,6.2,6.875,7.666666666666667,7.96875,7.2916675,10,Fase 4,E,NA,NA,NA,NA,NA,NA,NA,NA,NA,NA,NA,NA,NA,NA,NA,NA,NA,582
2022,ALUNO-1290,NA,NA,NA,NA,NA,NA,NA,NA,NA,NA,NA,NA,NA,NA,NA,NA,NA,NA,NA,NA,NA,NA,NA,NA,NA,NA,NA,NA,NA,NA,NA,NA,NA,NA,NA,NA,1289
2021,ALUNO-176,Escola Pública,NA,NA,0,5.674,NA,Ágata,NA,NA,NA,7.5,6.3,5,4.3,6.7,5.7,5,Fase 2,I,Veterano,Mantido na Fase atual,Mantido na Fase atual,Mantido na Fase atual,Não avaliado,-1,Fase 3 ,NA,NA,NA,NA,NA,NA,NA,NA,NA,NA,175
2022,ALUNO-1210,NA,NA,NA,0,7.249737116402116,NA,Ametista,Destaque: A sua boa entrega das lições de casa.,Destaque: As suas boas notas na Passos Mágicos.,Destaque: A sua boa integração aos Princípios Passos Mágicos.,7.50002,8.248677248677248,6.875,7.583333333333334,5.625,7.916665,5,ALFA,T,NA,Promovido de Fase,Promovido de Fase,NA,NA,NA,Fase 1 ,2021,0,412,121,2,8.333333333333334,6.833333333333333,NA,2,0,1209
2022,ALUNO-68,NA,NA,NA,NA,NA,NA,NA,NA,NA,NA,NA,NA,NA,NA,NA,NA,NA,NA,NA,NA,NA,NA,NA,NA,NA,NA,NA,NA,NA,NA,NA,NA,NA,NA,NA,NA,67
2022,ALUNO-835,NA,NA,NA,0,5.661425060985798,NA,Quartzo,Melhorar: Melhorar a sua entrega de lições de casa.,Melhorar: Empenhar-se mais nas aulas e avaliações.,Melhorar: Integrar-se mais aos Princípios Passos Mágicos.,9.50002,6.182121971595657,5,3.25,6.25,5.999993333333334,5,Fase 2,K,NA,Mantido na Fase atual,Promovido de Fase,Mantido na Fase atual,NA,NA,Fase 3 ,2016,0,769,142,12,2.666666666666667,3.833333333333333,NA,3,0,834
2022,ALUNO-1306,NA,NA,NA,0,5.894096555555556,NA,Quartzo,Melhorar: Melhorar a sua entrega de lições de casa.,Melhorar: Empenhar-se mais nas aulas e avaliações.,Melhorar: Integrar-se mais aos Princípios Passos Mágicos.,7.91667,6.277777777777778,7.5,5.25,5.46875,4.999995,5,Fase 4,A,NA,Promovido de Fase,Mantido na Fase atual,Mantido na Fase atual,Alocado em Fase anterior,NA,Fase 6 ,2022,0,738,66,13,6,4.5,NA,4,0,1305
2020,ALUNO-462,Escola Pública,16,0,0,7.248334333333334,C,Ágata,Seu destaque em 2020: A sua boa entrega das lições de casa.,Ponto a melhorar em 2021: Empenhar-se mais nas aulas e avaliações.,Ponto a melhorar em 2021: Integrar-se mais aos Princípios Passos Mágicos.,7.91667,8.2,7.5,6,8.333333333333334,7.666670000000001,5,Fase 5,B,NA,NA,NA,NA,NA,NA,NA,NA,NA,NA,NA,NA,NA,NA,NA,NA,NA,461
2022,ALUNO-461,NA,NA,NA,1,7.856253333333334,NA,Ametista,Destaque: A sua boa entrega das lições de casa.,Melhorar: Empenhar-se mais nas aulas e avaliações.,Destaque: A sua boa integração aos Princípios Passos Mágicos.,9.000020000000001,9,7.5,7.416666666666666,6.5625,8.83334,5,Fase 1,H,NA,Promovido de Fase + Bolsa,Promovido de Fase,NA,NA,NA,Fase 2 ,2022,0,185,43,3,9.5,5.333333333333333,NA,2,1,460
2020,ALUNO-340,Escola Pública,14,2,0,7.595277333333334,B,Ametista,Seu destaque em 2020: A sua boa entrega das lições de casa.,Ponto a melhorar em 2021: Empenhar-se mais nas aulas e avaliações.,Ponto a melhorar em 2021: Integrar-se mais aos Princípios Passos Mágicos.,8.33334,9.4,7.5,7,8.541666666666666,6.888883333333333,5,Fase 3,C,NA,NA,NA,NA,NA,NA,NA,NA,NA,NA,NA,NA,NA,NA,NA,NA,NA,339
2020,ALUNO-619,Escola Pública,10,1,0,7.741390666666668,B,Ametista,Seu destaque em 2020: A sua boa entrega das lições de casa.,Ponto a melhorar em 2021: Empenhar-se mais nas aulas e avaliações.,Seu destaque em 2020: A sua boa integração aos Princípios Passos Mágicos.,9.000020000000001,9.7,7.5,4.5,7.291666666666667,7.61111,10,Fase 2,N,NA,NA,NA,NA,NA,NA,NA,NA,NA,NA,NA,NA,NA,NA,NA,NA,NA,618
2022,ALUNO-823,NA,NA,NA,0,7.912811530864198,NA,Ametista,Destaque: A sua boa entrega das lições de casa.,Melhorar: Empenhar-se mais nas aulas e avaliações.,Destaque: A sua boa integração aos Princípios Passos Mágicos.,9.50002,9.320987654320987,8.75,7.166666666666667,6.458333333333334,8.222226666666668,5,Fase 2,L,NA,Mantido na Fase atual,Promovido de Fase,Mantido na Fase atual,NA,NA,Fase 3 ,2018,1,164,23,6,6.666666666666667,7.666666666666667,NA,3,0,822
2020,ALUNO-1147,NA,NA,NA,NA,NA,NA,NA,NA,NA,NA,NA,NA,NA,NA,NA,NA,NA,NA,NA,NA,NA,NA,NA,NA,NA,NA,NA,NA,NA,NA,NA,NA,NA,NA,NA,NA,1146
2021,ALUNO-1335,Rede Decisão,NA,NA,0,4.831,NA,Quartzo,NA,NA,NA,0,3.8,7.5,3.4,6.7,4.9,10,Fase 2,G,Ingressante,Mantido na Fase atual,Mantido na Fase atual,Mantido na Fase atual,Não avaliado,0,Fase 2 ,NA,NA,NA,NA,NA,NA,NA,NA,NA,NA,1334
2021,ALUNO-240,Escola Pública,NA,NA,0,7.629,NA,Ametista,NA,NA,NA,8.8,6.1,7.5,6.9,7.3,8.4,10,Fase 3,D,Ingressante,Promovido de Fase,Mantido na Fase atual,Mantido na Fase atual,Não avaliado,0,Fase 3 ,NA,NA,NA,NA,NA,NA,NA,NA,NA,NA,239
2020,ALUNO-27,NA,NA,NA,NA,NA,NA,NA,NA,NA,NA,NA,NA,NA,NA,NA,NA,NA,NA,NA,NA,NA,NA,NA,NA,NA,NA,NA,NA,NA,NA,NA,NA,NA,NA,NA,NA,26
2021,ALUNO-936,NA,NA,NA,NA,NA,NA,NA,NA,NA,NA,NA,NA,NA,NA,NA,NA,NA,NA,NA,NA,NA,NA,NA,NA,NA,NA,NA,NA,NA,NA,NA,NA,NA,NA,NA,NA,935
2020,ALUNO-1098,NA,NA,NA,NA,NA,NA,NA,NA,NA,NA,NA,NA,NA,NA,NA,NA,NA,NA,NA,NA,NA,NA,NA,NA,NA,NA,NA,NA,NA,NA,NA,NA,NA,NA,NA,NA,1097
2020,ALUNO-358,NA,NA,NA,NA,NA,NA,NA,NA,NA,NA,NA,NA,NA,NA,NA,NA,NA,NA,NA,NA,NA,NA,NA,NA,NA,NA,NA,NA,NA,NA,NA,NA,NA,NA,NA,NA,357
2021,ALUNO-753,Escola Pública,NA,NA,0,4.785,NA,Quartzo,NA,NA,NA,8.3,2.5,7.5,0.8,7.2,4.1,10,Fase 4,E,Veterano,Mantido na Fase atual,Mantido na Fase atual,Promovido de Fase,Mantido na Fase atual,1,Fase 3 ,NA,NA,NA,NA,NA,NA,NA,NA,NA,NA,752
2022,ALUNO-408,NA,NA,NA,NA,NA,NA,NA,NA,NA,NA,NA,NA,NA,NA,NA,NA,NA,NA,NA,NA,NA,NA,NA,NA,NA,NA,NA,NA,NA,NA,NA,NA,NA,NA,NA,NA,407
2021,ALUNO-28,Rede Decisão,NA,NA,1,9.079,NA,Topázio,NA,NA,NA,8.3,9.2,7.5,8.8,9.4,9.9,10,Fase 4,G,Ingressante,Promovido de Fase + Bolsa,Promovido de Fase + Bolsa,Promovido de Fase + Bolsa,Promovido de Fase,0,Fase 4 ,NA,NA,NA,NA,NA,NA,NA,NA,NA,NA,27
2021,ALUNO-161,NA,NA,NA,NA,NA,NA,NA,NA,NA,NA,NA,NA,NA,NA,NA,NA,NA,NA,NA,NA,NA,NA,NA,NA,NA,NA,NA,NA,NA,NA,NA,NA,NA,NA,NA,NA,160
2021,ALUNO-714,NA,NA,NA,NA,NA,NA,NA,NA,NA,NA,NA,NA,NA,NA,NA,NA,NA,NA,NA,NA,NA,NA,NA,NA,NA,NA,NA,NA,NA,NA,NA,NA,NA,NA,NA,NA,713
2022,ALUNO-893,NA,NA,NA,0,5.606945333333334,NA,Quartzo,Melhorar: Melhorar a sua entrega de lições de casa.,Melhorar: Empenhar-se mais nas aulas e avaliações.,Melhorar: Integrar-se mais aos Princípios Passos Mágicos.,0,7.000000000000001,7.5,3.5,6.458333333333334,5.55556,10,Fase 2,P,NA,Mantido na Fase atual,Mantido na Fase atual,Mantido na Fase atual,NA,NA,Fase 2 ,2022,0,773,144,10,7,0,NA,3,0,892
2022,ALUNO-1207,NA,NA,NA,0,7.940280666666667,NA,Ametista,Destaque: A sua boa entrega das lições de casa.,Destaque: As suas boas notas na Passos Mágicos.,Destaque: A sua boa integração aos Princípios Passos Mágicos.,9.000020000000001,10,7.5,7.5,6.458333333333333,8.222226666666668,5,Fase 2,L,NA,Promovido de Fase,Mantido na Fase atual,Mantido na Fase atual,NA,NA,Fase 3 ,2022,0,159,21,5,10,5,NA,3,0,1206
2020,ALUNO-495,FIAP,19,1,NA,8.651667,B,Ametista,Seu destaque em 2020: O seu bom engajamento nas ações de voluntariado.,Seu destaque em 2020: As suas boas notas na Faculdade.,NA,7.91667,10,7.5,8.4,0,0,10,Fase 8,A,NA,NA,NA,NA,NA,NA,NA,NA,NA,NA,NA,NA,NA,NA,NA,NA,NA,494
2022,ALUNO-1111,NA,NA,NA,0,7.8747206434676444,NA,Ametista,Destaque: A sua boa entrega das lições de casa.,Destaque: As suas boas notas na Passos Mágicos.,Destaque: A sua boa integração aos Princípios Passos Mágicos.,9.000020000000001,8.217338217338218,7.5,7.75,5.3125,7.500005,10,ALFA,V,NA,Promovido de Fase,Mantido na Fase atual,NA,NA,NA,ALFA  ,2022,0,178,48,2,9.6,5.9,NA,2,0,1110
2021,ALUNO-150,NA,NA,NA,NA,NA,NA,NA,NA,NA,NA,NA,NA,NA,NA,NA,NA,NA,NA,NA,NA,NA,NA,NA,NA,NA,NA,NA,NA,NA,NA,NA,NA,NA,NA,NA,NA,149
2022,ALUNO-1229,NA,NA,NA,NA,NA,NA,NA,NA,NA,NA,NA,NA,NA,NA,NA,NA,NA,NA,NA,NA,NA,NA,NA,NA,NA,NA,NA,NA,NA,NA,NA,NA,NA,NA,NA,NA,1228
2021,ALUNO-51,Escola Pública,NA,NA,0,8.051,NA,Ametista,NA,NA,NA,9,9.2,7.5,5.4,7.7,8.6,10,Fase 1,F,Ingressante,Promovido de Fase,Mantido na Fase atual,Mantido na Fase atual,Não avaliado,0,Fase 1 ,NA,NA,NA,NA,NA,NA,NA,NA,NA,NA,50
2022,ALUNO-1191,NA,NA,NA,0,8.180903944444445,NA,Topázio,Destaque: A sua boa entrega das lições de casa.,Destaque: As suas boas notas na Passos Mágicos.,Destaque: A sua boa integração aos Princípios Passos Mágicos.,7.5,9.333333333333334,5,7.888888888888889,8.28125,8.2916725,10,Fase 4,F,NA,Promovido de Fase + Bolsa,Mantido na Fase atual,Promovido de Fase,Promovido de Fase + Bolsa,NA,Fase 4 ,2017,1,89,9,3,7.5,7.166666666666667,9,4,0,1190
2021,ALUNO-201,Escola Pública,NA,NA,0,5.636,NA,Ágata,NA,NA,NA,5.8,5.6,0,6.4,8.3,6.7,5,Fase 4,L,Veterano,Promovido de Fase,Promovido de Fase,Não avaliado,Promovido de Fase,-1,Fase 5 ,NA,NA,NA,NA,NA,NA,NA,NA,NA,NA,200
2022,ALUNO-894,NA,NA,NA,NA,NA,NA,NA,NA,NA,NA,NA,NA,NA,NA,NA,NA,NA,NA,NA,NA,NA,NA,NA,NA,NA,NA,NA,NA,NA,NA,NA,NA,NA,NA,NA,NA,893
2021,ALUNO-588,Escola Pública,NA,NA,0,8.881,NA,Topázio,NA,NA,NA,10,9.6,7.5,7.8,8.8,8.9,10,Fase 1,E,Veterano,Promovido de Fase,Promovido de Fase,Mantido na Fase atual,Não avaliado,0,Fase 1 ,NA,NA,NA,NA,NA,NA,NA,NA,NA,NA,587
2021,ALUNO-1323,Escola Pública,NA,NA,0,7.518,NA,Ametista,NA,NA,NA,8,8.8,5.6,5.1,7.9,7.9,10,Fase 2,N,Veterano,Mantido na Fase atual,Promovido de Fase,Mantido na Fase atual,Não avaliado,0,Fase 2 ,NA,NA,NA,NA,NA,NA,NA,NA,NA,NA,1322
2022,ALUNO-12,NA,NA,NA,NA,NA,NA,NA,NA,NA,NA,NA,NA,NA,NA,NA,NA,NA,NA,NA,NA,NA,NA,NA,NA,NA,NA,NA,NA,NA,NA,NA,NA,NA,NA,NA,NA,11
2020,ALUNO-142,NA,NA,NA,NA,NA,NA,NA,NA,NA,NA,NA,NA,NA,NA,NA,NA,NA,NA,NA,NA,NA,NA,NA,NA,NA,NA,NA,NA,NA,NA,NA,NA,NA,NA,NA,NA,141
2020,ALUNO-737,Escola Pública,11,1,0,8.070001999999999,B,Ametista,Seu destaque em 2020: A sua boa entrega das lições de casa.,Ponto a melhorar em 2021: Empenhar-se mais nas aulas e avaliações.,Seu destaque em 2020: A sua boa integração aos Princípios Passos Mágicos.,8.500020000000001,9.6,7.5,6.5,7.5,7.5,10,Fase 2,N,NA,NA,NA,NA,NA,NA,NA,NA,NA,NA,NA,NA,NA,NA,NA,NA,NA,736
2022,ALUNO-209,NA,NA,NA,NA,NA,NA,NA,NA,NA,NA,NA,NA,NA,NA,NA,NA,NA,NA,NA,NA,NA,NA,NA,NA,NA,NA,NA,NA,NA,NA,NA,NA,NA,NA,NA,NA,208
2022,ALUNO-668,NA,NA,NA,0,6.658016026362202,NA,Ágata,Melhorar: Melhorar a sua entrega de lições de casa.,Melhorar: Empenhar-se mais nas aulas e avaliações.,Melhorar: Integrar-se mais aos Princípios Passos Mágicos.,9.000020000000001,7.324793465144342,7.5,5.25,6.041666666666667,6.944443333333333,5,Fase 2,K,NA,Mantido na Fase atual,Promovido de Fase,Mantido na Fase atual,NA,NA,Fase 3 ,2020,0,602,100,7,4,6.5,NA,3,0,667
2022,ALUNO-1275,NA,NA,NA,0,7.830771230769231,NA,Ametista,Destaque: A sua boa entrega das lições de casa.,Melhorar: Empenhar-se mais nas aulas e avaliações.,Destaque: A sua boa integração aos Princípios Passos Mágicos.,9.000020000000001,9.487179487179487,7.5,5.416666666666667,6.666666666666666,7.666666666666667,10,Fase 2,F,NA,Mantido na Fase atual,Promovido de Fase,Mantido na Fase atual,NA,NA,Fase 2 ,2019,0,194,32,4,3.333333333333333,7.5,NA,3,0,1274
2020,ALUNO-811,Rede Decisão/União,11,2,0,8.196669,B,Ametista,Ponto a melhorar em 2021: Melhorar a sua entrega de lições de casa.,Seu destaque em 2020: As suas boas notas na Passos Mágicos.,Seu destaque em 2020: A sua boa integração aos Princípios Passos Mágicos.,8.000020000000001,7.4,7.5,9,7.5,8.083335,10,Fase 2,B,NA,NA,NA,NA,NA,NA,NA,NA,NA,NA,NA,NA,NA,NA,NA,NA,NA,810
2020,ALUNO-694,NA,NA,NA,NA,NA,NA,NA,NA,NA,NA,NA,NA,NA,NA,NA,NA,NA,NA,NA,NA,NA,NA,NA,NA,NA,NA,NA,NA,NA,NA,NA,NA,NA,NA,NA,NA,693
2022,ALUNO-586,NA,NA,NA,0,7.454659477025898,NA,Ametista,Destaque: A sua boa entrega das lições de casa.,Melhorar: Empenhar-se mais nas aulas e avaliações.,Destaque: A sua boa integração aos Princípios Passos Mágicos.,9.50002,9.314954051796157,7.5,6.333333333333334,6.25,7.5,5,Fase 2,K,NA,Mantido na Fase atual,Promovido de Fase,Mantido na Fase atual,NA,NA,Fase 3 ,2020,0,334,50,4,6.5,6.166666666666667,NA,3,0,585
2021,ALUNO-711,NA,NA,NA,NA,NA,NA,NA,NA,NA,NA,NA,NA,NA,NA,NA,NA,NA,NA,NA,NA,NA,NA,NA,NA,NA,NA,NA,NA,NA,NA,NA,NA,NA,NA,NA,NA,710
2021,ALUNO-239,NA,NA,NA,NA,NA,NA,NA,NA,NA,NA,NA,NA,NA,NA,NA,NA,NA,NA,NA,NA,NA,NA,NA,NA,NA,NA,NA,NA,NA,NA,NA,NA,NA,NA,NA,NA,238
2020,ALUNO-147,Escola Pública,13,1,0,5.934724000000001,D,Quartzo,Seu destaque em 2020: A sua boa entrega das lições de casa.,Ponto a melhorar em 2021: Empenhar-se mais nas aulas e avaliações.,Ponto a melhorar em 2021: Integrar-se mais aos Princípios Passos Mágicos.,9.000020000000001,8,7.5,0,7.291666666666667,7.277776666666666,5,Fase 2,C,NA,NA,NA,NA,NA,NA,NA,NA,NA,NA,NA,NA,NA,NA,NA,NA,NA,146
2022,ALUNO-1100,NA,NA,NA,NA,NA,NA,NA,NA,NA,NA,NA,NA,NA,NA,NA,NA,NA,NA,NA,NA,NA,NA,NA,NA,NA,NA,NA,NA,NA,NA,NA,NA,NA,NA,NA,NA,1099
2022,ALUNO-389,NA,NA,NA,NA,NA,NA,NA,NA,NA,NA,NA,NA,NA,NA,NA,NA,NA,NA,NA,NA,NA,NA,NA,NA,NA,NA,NA,NA,NA,NA,NA,NA,NA,NA,NA,NA,388
2022,ALUNO-735,NA,NA,NA,0,6.820451258609487,NA,Ágata,Melhorar: Melhorar a sua entrega de lições de casa.,Melhorar: Empenhar-se mais nas aulas e avaliações.,Melhorar: Integrar-se mais aos Princípios Passos Mágicos.,6.41668,7.268924626380766,5.625,5.916666666666666,5.625,7.083325,10,ALFA,J,NA,Mantido na Fase atual,Mantido na Fase atual,NA,NA,NA,ALFA  ,2022,0,549,156,11,6,5.833333333333333,NA,2,0,734
2022,ALUNO-572,NA,NA,NA,NA,NA,NA,NA,NA,NA,NA,NA,NA,NA,NA,NA,NA,NA,NA,NA,NA,NA,NA,NA,NA,NA,NA,NA,NA,NA,NA,NA,NA,NA,NA,NA,NA,571
2021,ALUNO-594,Escola Pública,NA,NA,0,7.476,NA,Ametista,NA,NA,NA,9.5,9.2,7.5,4.8,7.9,8.4,5,Fase 1,C,Veterano,Mantido na Fase atual,Promovido de Fase,Mantido na Fase atual,Não avaliado,-2,Fase 3 ,NA,NA,NA,NA,NA,NA,NA,NA,NA,NA,593
2022,ALUNO-403,NA,NA,NA,0,5.596878687216997,NA,Quartzo,Melhorar: Melhorar a sua entrega de lições de casa.,Melhorar: Empenhar-se mais nas aulas e avaliações.,Melhorar: Integrar-se mais aos Princípios Passos Mágicos.,0,5.284743991640544,6.25,3.944444444444445,7.34375,6.95833,10,Fase 4,B,NA,Promovido de Fase,Mantido na Fase atual,Mantido na Fase atual,Promovido de Fase,NA,Fase 4 ,2021,0,775,70,12,3.666666666666667,4.666666666666667,3.5,4,0,402
2020,ALUNO-887,NA,NA,NA,NA,NA,NA,NA,NA,NA,NA,NA,NA,NA,NA,NA,NA,NA,NA,NA,NA,NA,NA,NA,NA,NA,NA,NA,NA,NA,NA,NA,NA,NA,NA,NA,NA,886
2021,ALUNO-947,Escola Pública,NA,NA,0,7.31,NA,Ametista,NA,NA,NA,8.5,8.8,7.5,5.1,8.1,8.1,5,Fase 1,F,Ingressante,Mantido na Fase atual,Mantido na Fase atual,Mantido na Fase atual,Não avaliado,-1,Fase 2 ,NA,NA,NA,NA,NA,NA,NA,NA,NA,NA,946
2020,ALUNO-522,Escola Pública,11,2,0,7.495419,B,Ametista,Seu destaque em 2020: A sua boa entrega das lições de casa.,Ponto a melhorar em 2021: Empenhar-se mais nas aulas e avaliações.,Ponto a melhorar em 2021: Integrar-se mais aos Princípios Passos Mágicos.,8.500020000000001,9.3,7.5,6.5,7.1875,7.583335,5,Fase 1,A,NA,NA,NA,NA,NA,NA,NA,NA,NA,NA,NA,NA,NA,NA,NA,NA,NA,521
2020,ALUNO-1068,NA,NA,NA,NA,NA,NA,NA,NA,NA,NA,NA,NA,NA,NA,NA,NA,NA,NA,NA,NA,NA,NA,NA,NA,NA,NA,NA,NA,NA,NA,NA,NA,NA,NA,NA,NA,1067
2021,ALUNO-808,NA,NA,NA,NA,NA,NA,NA,NA,NA,NA,NA,NA,NA,NA,NA,NA,NA,NA,NA,NA,NA,NA,NA,NA,NA,NA,NA,NA,NA,NA,NA,NA,NA,NA,NA,NA,807
2021,ALUNO-890,Escola Pública,NA,NA,0,6.058,NA,Ágata,NA,NA,NA,10,5.3,7.5,2.3,7.2,5.4,10,Fase 3,R,Veterano,Promovido de Fase,Promovido de Fase,Não avaliado,Não avaliado,0,Fase 3 ,NA,NA,NA,NA,NA,NA,NA,NA,NA,NA,889
2021,ALUNO-1197,Rede Decisão,NA,NA,0,8.04,NA,Ametista,NA,NA,NA,8.3,8.3,7.5,7.8,7.8,7.3,10,Fase 7,A,Veterano,Promovido de Fase + Bolsa,Promovido de Fase + Bolsa,Promovido de Fase + Bolsa,Promovido de Fase + Bolsa,0,Fase 7 ,NA,NA,NA,NA,NA,NA,NA,NA,NA,NA,1196
2021,ALUNO-570,Escola Pública,NA,NA,0,5.049,NA,Quartzo,NA,NA,NA,9.5,3.3,7.5,2,7.7,5.1,5,Fase 1,R,Veterano,Mantido na Fase atual,Mantido na Fase atual,Mantido na Fase atual,Não avaliado,-2,Fase 3 ,NA,NA,NA,NA,NA,NA,NA,NA,NA,NA,569
2021,ALUNO-866,Rede Decisão,NA,NA,1,8.846,NA,Topázio,NA,NA,NA,8.5,10,7.5,8.4,7.7,9,10,Fase 1,A,Veterano,Promovido de Fase,Mantido na Fase atual,Mantido na Fase atual,Não avaliado,0,Fase 1 ,NA,NA,NA,NA,NA,NA,NA,NA,NA,NA,865
2022,ALUNO-658,NA,NA,NA,0,5.98893754803676,NA,Quartzo,Melhorar: Melhorar a sua entrega de lições de casa.,Melhorar: Empenhar-se mais nas aulas e avaliações.,Melhorar: Integrar-se mais aos Princípios Passos Mágicos.,10.00002,6.03842940685046,7.5,2.833333333333333,5.3125,7.166665,5,ALFA,T,NA,Mantido na Fase atual,Mantido na Fase atual,NA,NA,NA,Fase 2 ,2021,0,729,181,6,4,1.666666666666667,NA,2,0,657
2020,ALUNO-964,Escola Pública,11,0,0,8.032502000000001,B,Ametista,Seu destaque em 2020: A sua boa entrega das lições de casa.,Seu destaque em 2020: As suas boas notas na Passos Mágicos.,Ponto a melhorar em 2021: Integrar-se mais aos Princípios Passos Mágicos.,9.50002,8.1,7.5,9,8.125,8,5,Fase 1,F,NA,NA,NA,NA,NA,NA,NA,NA,NA,NA,NA,NA,NA,NA,NA,NA,NA,963
2021,ALUNO-1299,Rede Decisão,NA,NA,0,7.936,NA,Ametista,NA,NA,NA,7.1,8.3,7.5,7.2,8.3,7.8,10,Fase 7,A,Veterano,Promovido de Fase + Bolsa,Promovido de Fase + Bolsa,Promovido de Fase + Bolsa,Promovido de Fase + Bolsa,0,Fase 7 ,NA,NA,NA,NA,NA,NA,NA,NA,NA,NA,1298
2020,ALUNO-433,NA,NA,NA,NA,NA,NA,NA,NA,NA,NA,NA,NA,NA,NA,NA,NA,NA,NA,NA,NA,NA,NA,NA,NA,NA,NA,NA,NA,NA,NA,NA,NA,NA,NA,NA,NA,432
2021,ALUNO-1263,NA,NA,NA,NA,NA,NA,NA,NA,NA,NA,NA,NA,NA,NA,NA,NA,NA,NA,NA,NA,NA,NA,NA,NA,NA,NA,NA,NA,NA,NA,NA,NA,NA,NA,NA,NA,1262
2020,ALUNO-343,Escola Pública,16,0,1,7.582500666666667,B,Ametista,Seu destaque em 2020: A sua boa entrega das lições de casa.,Seu destaque em 2020: As suas boas notas na Passos Mágicos.,Ponto a melhorar em 2021: Integrar-se mais aos Princípios Passos Mágicos.,7.5,8.1,7.5,8,8.125,9.000003333333334,2.5,Fase 3,J,NA,NA,NA,NA,NA,NA,NA,NA,NA,NA,NA,NA,NA,NA,NA,NA,NA,342
2020,ALUNO-444,NA,NA,NA,NA,NA,NA,NA,NA,NA,NA,NA,NA,NA,NA,NA,NA,NA,NA,NA,NA,NA,NA,NA,NA,NA,NA,NA,NA,NA,NA,NA,NA,NA,NA,NA,NA,443
2020,ALUNO-643,NA,NA,NA,NA,NA,NA,NA,NA,NA,NA,NA,NA,NA,NA,NA,NA,NA,NA,NA,NA,NA,NA,NA,NA,NA,NA,NA,NA,NA,NA,NA,NA,NA,NA,NA,NA,642
2022,ALUNO-1084,NA,NA,NA,0,6.464252763285025,NA,Ágata,Destaque: A sua boa entrega das lições de casa.,Melhorar: Empenhar-se mais nas aulas e avaliações.,Melhorar: Integrar-se mais aos Princípios Passos Mágicos.,7.50002,8.932367149758454,7.5,5,5,5.888886666666667,5,Fase 1,J,NA,Mantido na Fase atual,Mantido na Fase atual,Mantido na Fase atual,NA,NA,Fase 2 ,2019,0,648,157,14,5.333333333333333,4.666666666666667,NA,3,0,1083
2021,ALUNO-1113,NA,NA,NA,NA,NA,NA,NA,NA,NA,NA,NA,NA,NA,NA,NA,NA,NA,NA,NA,NA,NA,NA,NA,NA,NA,NA,NA,NA,NA,NA,NA,NA,NA,NA,NA,NA,1112
2021,ALUNO-728,NA,NA,NA,NA,NA,NA,NA,NA,NA,NA,NA,NA,NA,NA,NA,NA,NA,NA,NA,NA,NA,NA,NA,NA,NA,NA,NA,NA,NA,NA,NA,NA,NA,NA,NA,NA,727
2020,ALUNO-409,NA,NA,NA,NA,NA,NA,NA,NA,NA,NA,NA,NA,NA,NA,NA,NA,NA,NA,NA,NA,NA,NA,NA,NA,NA,NA,NA,NA,NA,NA,NA,NA,NA,NA,NA,NA,408
2021,ALUNO-487,Escola Pública,NA,NA,0,7.44,NA,Ametista,NA,NA,NA,10,6.7,7.5,7.1,7.8,8.3,5,ALFA,S,Veterano,Promovido de Fase,Mantido na Fase atual,Não avaliado,Não avaliado,-1,Fase 1 ,NA,NA,NA,NA,NA,NA,NA,NA,NA,NA,486
2021,ALUNO-324,Rede Decisão,NA,NA,0,8.252,NA,Topázio,NA,NA,NA,8.3,8.1,6.9,7.9,8.3,8.6,10,Fase 7,A,Veterano,Promovido de Fase + Bolsa,Promovido de Fase + Bolsa,Promovido de Fase + Bolsa,Promovido de Fase + Bolsa,0,Fase 7 ,NA,NA,NA,NA,NA,NA,NA,NA,NA,NA,323
2020,ALUNO-449,Escola Pública,9,1,0,8.745557333333332,A,Topázio,Seu destaque em 2020: A sua boa entrega das lições de casa.,Seu destaque em 2020: As suas boas notas na Passos Mágicos.,Seu destaque em 2020: A sua boa integração aos Princípios Passos Mágicos.,9.50002,9.2,7.5,10,7.5,7.277776666666666,10,Fase 1,N,NA,NA,NA,NA,NA,NA,NA,NA,NA,NA,NA,NA,NA,NA,NA,NA,NA,448
2020,ALUNO-561,Escola Pública,13,1,0,6.0124986666666675,D,Quartzo,Ponto a melhorar em 2021: Melhorar a sua entrega de lições de casa.,Ponto a melhorar em 2021: Empenhar-se mais nas aulas e avaliações.,Seu destaque em 2020: A sua boa integração aos Princípios Passos Mágicos.,7.5,5.5,7.5,1.1666666666666667,8.125,6.833326666666666,10,Fase 3,F,NA,NA,NA,NA,NA,NA,NA,NA,NA,NA,NA,NA,NA,NA,NA,NA,NA,560
2021,ALUNO-146,NA,NA,NA,NA,NA,NA,NA,NA,NA,NA,NA,NA,NA,NA,NA,NA,NA,NA,NA,NA,NA,NA,NA,NA,NA,NA,NA,NA,NA,NA,NA,NA,NA,NA,NA,NA,145
2020,ALUNO-547,Escola Pública,14,2,0,7.275557333333333,C,Ágata,Ponto a melhorar em 2021: Melhorar a sua entrega de lições de casa.,Ponto a melhorar em 2021: Empenhar-se mais nas aulas e avaliações.,Seu destaque em 2020: A sua boa integração aos Princípios Passos Mágicos.,8.33334,6.6,5,6,8.333333333333332,7.944450000000002,10,Fase 4,L,NA,NA,NA,NA,NA,NA,NA,NA,NA,NA,NA,NA,NA,NA,NA,NA,NA,546
2021,ALUNO-401,NA,NA,NA,NA,NA,NA,NA,NA,NA,NA,NA,NA,NA,NA,NA,NA,NA,NA,NA,NA,NA,NA,NA,NA,NA,NA,NA,NA,NA,NA,NA,NA,NA,NA,NA,NA,400
2020,ALUNO-286,Escola Pública,12,0,0,6.956252,C,Ágata,Ponto a melhorar em 2021: Melhorar a sua entrega de lições de casa.,Seu destaque em 2020: As suas boas notas na Passos Mágicos.,Ponto a melhorar em 2021: Integrar-se mais aos Princípios Passos Mágicos.,8.000020000000001,6,6.875,7.5,7.1875,7.75,5,Fase 1,G,NA,NA,NA,NA,NA,NA,NA,NA,NA,NA,NA,NA,NA,NA,NA,NA,NA,285
2021,ALUNO-520,Rede Decisão,NA,NA,0,8.414,NA,Topázio,NA,NA,NA,7.9,9.7,5.6,7.2,9,8.9,10,Fase 3,L,Veterano,Promovido de Fase,Promovido de Fase + Bolsa,Promovido de Fase,Não avaliado,1,Fase 2 ,NA,NA,NA,NA,NA,NA,NA,NA,NA,NA,519
2021,ALUNO-955,NA,NA,NA,NA,NA,NA,NA,NA,NA,NA,NA,NA,NA,NA,NA,NA,NA,NA,NA,NA,NA,NA,NA,NA,NA,NA,NA,NA,NA,NA,NA,NA,NA,NA,NA,NA,954
2020,ALUNO-228,NA,NA,NA,NA,NA,NA,NA,NA,NA,NA,NA,NA,NA,NA,NA,NA,NA,NA,NA,NA,NA,NA,NA,NA,NA,NA,NA,NA,NA,NA,NA,NA,NA,NA,NA,NA,227
2021,ALUNO-1348,Rede Decisão,NA,NA,0,7.422,NA,Ametista,NA,NA,NA,7.5,8.6,6.3,6.9,7.5,8.5,5,Fase 3,J,Veterano,Promovido de Fase,Promovido de Fase + Bolsa,Promovido de Fase,Não avaliado,-1,Fase 4 ,NA,NA,NA,NA,NA,NA,NA,NA,NA,NA,1347
2021,ALUNO-1212,Escola Pública,NA,NA,0,5.703,NA,Ágata,NA,NA,NA,9,4.2,6.3,3.3,7.5,7.2,5,Fase 1,G,Ingressante,Promovido de Fase,Mantido na Fase atual,Mantido na Fase atual,Não avaliado,-1,Fase 2 ,NA,NA,NA,NA,NA,NA,NA,NA,NA,NA,1211
