ano,nome,instituicao_ensino_aluno,idade_aluno,anos_pm,ponto_virada,inde,inde_conceito,pedra,destaque_ieg,destaque_ida,destaque_ipv,iaa,ieg,ips,ida,ipp,ipv,ian,fase,turma,sinalizador_ingressante,rec_ava_1,rec_ava_2,rec_ava_3,rec_ava_4,defasagem,fase_ideal,ano_ingresso,bolsista,cg,cf,ct,nota_port,nota_mat,nota_ing,qtd_aval,indicado_bolsa
2020,aluno828,Rede Decisão/União,15,4,1.0,7.503891,B,Ametista,Seu destaque em 2020: A sua boa entrega das lições de casa.,Ponto a melhorar em 2021: Empenhar-se mais nas aulas e avaliações.,Ponto a melhorar em 2021: Integrar-se mais aos Princípios Passos Mágicos.,7.91667,8.2,5.625,7.0,8.541666666666666,8.777786666666666,5.0,Fase 4,L,,,,,,,,,,,,,,,,,
2020,aluno336,,,,,,,,,,,,,,,,,,,,,,,,,,,,,,,,,,,,
2021,aluno842,,,,,,,,,,,,,,,,,,,,,,,,,,,,,,,,,,,,
2020,aluno522,Escola Pública,11,2,0.0,7.495419,B,Ametista,Seu destaque em 2020: A sua boa entrega das lições de casa.,Ponto a melhorar em 2021: Empenhar-se mais nas aulas e avaliações.,Ponto a melhorar em 2021: Integrar-se mais aos Princípios Passos Mágicos.,8.500020000000001,9.3,7.5,6.5,7.1875,7.583335,5.0,Fase 1,A,,,,,,,,,,,,,,,,,
2020,aluno804,,,,,,,,,,,,,,,,,,,,,,,,,,,,,,,,,,,,
2020,aluno341,FIAP,19,2,,9.096668,A,Topázio,Seu destaque em 2020: O seu bom engajamento nas ações de voluntariado.,Seu destaque em 2020: As suas boas notas na Faculdade.,,9.16668,10.0,7.5,9.2,0.0,0.0,10.0,Fase 8,A,,,,,,,,,,,,,,,,,
2022,aluno413,,,,0.0,6.825507272727274,,Ágata,Destaque: A sua boa entrega das lições de casa.,Melhorar: Empenhar-se mais nas aulas e avaliações.,Destaque: A sua boa integração aos Princípios Passos Mágicos.,8.500020000000001,9.696969696969695,7.5,3.25,6.25,7.555556666666667,5.0,Fase 2,U,,Mantido na Fase atual,Promovido de Fase,Mantido na Fase atual,,,Fase 3 ,2022,0.0,546.0,85.0,6.0,0.5,6.0,,3,0.0
2020,aluno212,Escola Pública,8,1,0.0,6.345836,C,Ágata,Seu destaque em 2020: A sua boa entrega das lições de casa.,Ponto a melhorar em 2021: Empenhar-se mais nas aulas e avaliações.,Seu destaque em 2020: A sua boa integração aos Princípios Passos Mágicos.,7.41668,10.0,4.375,7.0,2.5,2.5833399999999997,10.0,ALFA,H,,,,,,,,,,,,,,,,,
2022,aluno417,,,,0.0,7.480306934472935,,Ametista,Destaque: A sua boa entrega das lições de casa.,Melhorar: Empenhar-se mais nas aulas e avaliações.,Melhorar: Integrar-se mais aos Princípios Passos Mágicos.,8.500020000000001,8.005698005698004,7.5,6.75,5.625,6.833326666666667,10.0,Fase 1,J,,Mantido na Fase atual,Mantido na Fase atual,Mantido na Fase atual,,,Fase 1 ,2022,0.0,322.0,83.0,6.0,4.5,9.0,,3,0.0
2021,aluno1194,,,,,,,,,,,,,,,,,,,,,,,,,,,,,,,,,,,,
2022,aluno550,,,,,,,,,,,,,,,,,,,,,,,,,,,,,,,,,,,,
2022,aluno339,,,,,,,,,,,,,,,,,,,,,,,,,,,,,,,,,,,,
2020,aluno228,,,,,,,,,,,,,,,,,,,,,,,,,,,,,,,,,,,,
2020,aluno559,Escola Pública,12,1,0.0,5.866251,D,Quartzo,Ponto a melhorar em 2021: Melhorar a sua entrega de lições de casa.,Ponto a melhorar em 2021: Empenhar-se mais nas aulas e avaliações.,Ponto a melhorar em 2021: Integrar-se mais aos Princípios Passos Mágicos.,8.500020000000001,4.3,7.5,4.0,6.5625,7.249995,5.0,Fase 2,H,,,,,,,,,,,,,,,,,
2020,aluno141,,,,,,,,,,,,,,,,,,,,,,,,,,,,,,,,,,,,
2020,aluno205,,,,,,,,,,,,,,,,,,,,,,,,,,,,,,,,,,,,
2022,aluno1091,,,,0.0,5.519122439955107,,Quartzo,Melhorar: Melhorar a sua entrega de lições de casa.,Melhorar: Empenhar-se mais nas aulas e avaliações.,Melhorar: Integrar-se mais aos Princípios Passos Mágicos.,9.000020000000001,4.866442199775533,7.5,2.25,6.458333333333334,6.499993333333334,5.0,Fase 2,M,,Mantido na Fase atual,Mantido na Fase atual,Mantido na Fase atual,,,Fase 3 ,2022,0.0,789.0,147.0,14.0,3.166666666666667,1.333333333333333,,3,0.0
2021,aluno512,Rede Decisão,,,1.0,7.972,,Ametista,,,,8.3,8.6,7.5,7.0,8.8,9.5,5.0,Fase 4,A,Veterano,Promovido de Fase + Bolsa,Promovido de Fase + Bolsa,Promovido de Fase + Bolsa,Promovido de Fase,-1.0,Fase 5 ,,,,,,,,,,
2022,aluno343,,,,,,,,,,,,,,,,,,,,,,,,,,,,,,,,,,,,
2021,aluno699,,,,,,,,,,,,,,,,,,,,,,,,,,,,,,,,,,,,
2020,aluno679,,,,,,,,,,,,,,,,,,,,,,,,,,,,,,,,,,,,
2020,aluno113,Escola Pública,11,1,0.0,7.693335000000001,B,Ametista,Seu destaque em 2020: A sua boa entrega das lições de casa.,Seu destaque em 2020: As suas boas notas na Passos Mágicos.,Ponto a melhorar em 2021: Integrar-se mais aos Princípios Passos Mágicos.,8.500020000000001,8.8,7.5,7.5,7.5,7.916665,5.0,Fase 1,M,,,,,,,,,,,,,,,,,
2020,aluno841,,,,,,,,,,,,,,,,,,,,,,,,,,,,,,,,,,,,
2020,aluno634,Escola João Paulo II,12,2,0.0,6.1470839999999995,C,Ágata,Ponto a melhorar em 2021: Melhorar a sua entrega de lições de casa.,Seu destaque em 2020: As suas boas notas na Passos Mágicos.,Ponto a melhorar em 2021: Integrar-se mais aos Princípios Passos Mágicos.,6.9166799999999995,7.1,4.375,7.5,2.8125,6.58333,5.0,Fase 1,D,,,,,,,,,,,,,,,,,
2020,aluno580,,,,,,,,,,,,,,,,,,,,,,,,,,,,,,,,,,,,
2021,aluno952,,,,,,,,,,,,,,,,,,,,,,,,,,,,,,,,,,,,
2022,aluno788,,,,0.0,6.047779596553774,,Ágata,Destaque: A sua boa entrega das lições de casa.,Melhorar: Empenhar-se mais nas aulas e avaliações.,Melhorar: Integrar-se mais aos Princípios Passos Mágicos.,8.75001,8.440285204991088,6.25,2.111111111111111,5.208333333333334,7.08333,5.0,Fase 5,A,,Mantido na Fase atual,Mantido na Fase atual,Mantido na Fase atual,,,Fase 7 ,2022,0.0,719.0,46.0,7.0,2.833333333333333,2.833333333333333,0.6666666666666666,3,0.0
2021,aluno406,Escola Pública,,,0.0,6.868,,Ágata,,,,9.0,8.3,6.9,6.4,7.5,5.4,5.0,Fase 1,A,Veterano,Mantido na Fase atual,Mantido na Fase atual,Mantido na Fase atual,Não avaliado,-1.0,Fase 2 ,,,,,,,,,,
2022,aluno868,,,,0.0,7.569368138401559,,Ametista,Destaque: A sua boa entrega das lições de casa.,Melhorar: Empenhar-se mais nas aulas e avaliações.,Destaque: A sua boa integração aos Princípios Passos Mágicos.,9.50002,8.888499025341131,8.125,6.916666666666666,5.625,7.916665,5.0,ALFA,D,,Promovido de Fase,Promovido de Fase,,,,Fase 1 ,2021,0.0,285.0,80.0,7.0,7.0,6.833333333333333,,2,0.0
2022,aluno763,,,,0.0,8.012902466766617,,Ametista,Destaque: A sua boa entrega das lições de casa.,Destaque: As suas boas notas na Passos Mágicos.,Destaque: A sua boa integração aos Princípios Passos Mágicos.,9.000020000000001,9.335332333833083,7.5,8.583333333333334,6.458333333333333,8.16667,5.0,Fase 1,D,,Promovido de Fase,Promovido de Fase,Promovido de Fase,,,Fase 2 ,2021,0.0,138.0,35.0,4.0,8.333333333333334,8.833333333333334,,3,0.0
2022,aluno989,,,,0.0,6.899874812372813,,Ágata,Melhorar: Melhorar a sua entrega de lições de casa.,Melhorar: Empenhar-se mais nas aulas e avaliações.,Melhorar: Integrar-se mais aos Princípios Passos Mágicos.,9.50002,7.395197395197396,7.5,5.916666666666667,6.041666666666667,7.166666666666666,5.0,Fase 2,B,,Mantido na Fase atual,Promovido de Fase,Promovido de Fase,,,Fase 4 ,2020,0.0,525.0,80.0,8.0,4.166666666666667,7.666666666666667,,3,0.0
2021,aluno22,,,,,,,,,,,,,,,,,,,,,,,,,,,,,,,,,,,,
2020,aluno541,Escola Pública,13,1,1.0,9.098057333333331,A,Topázio,Seu destaque em 2020: A sua boa entrega das lições de casa.,Seu destaque em 2020: As suas boas notas na Passos Mágicos.,Seu destaque em 2020: A sua boa integração aos Princípios Passos Mágicos.,9.16668,9.9,6.875,9.666666666666666,7.916666666666667,8.944446666666666,10.0,Fase 3,F,,,,,,,,,,,,,,,,,
2020,aluno853,,,,,,,,,,,,,,,,,,,,,,,,,,,,,,,,,,,,
2022,aluno616,,,,,,,,,,,,,,,,,,,,,,,,,,,,,,,,,,,,
2022,aluno374,,,,,,,,,,,,,,,,,,,,,,,,,,,,,,,,,,,,
2021,aluno254,,,,,,,,,,,,,,,,,,,,,,,,,,,,,,,,,,,,
2022,aluno743,,,,0.0,7.381391333333333,,Ametista,Destaque: A sua boa entrega das lições de casa.,Destaque: As suas boas notas na Passos Mágicos.,Destaque: A sua boa integração aos Princípios Passos Mágicos.,8.000020000000001,8.483333333333333,5.625,8.416666666666666,5.833333333333334,7.77778,5.0,Fase 1,K,,Mantido na Fase atual,Promovido de Fase,Promovido de Fase,,,Fase 2 ,2020,0.0,368.0,96.0,9.0,7.166666666666667,9.666666666666666,,3,0.0
2020,aluno965,Escola Pública,12,2,0.0,7.073614000000001,C,Ágata,Seu destaque em 2020: A sua boa entrega das lições de casa.,Ponto a melhorar em 2021: Empenhar-se mais nas aulas e avaliações.,Ponto a melhorar em 2021: Integrar-se mais aos Princípios Passos Mágicos.,9.000020000000001,9.0,6.875,3.5,8.749999999999998,8.055560000000002,5.0,Fase 2,P,,,,,,,,,,,,,,,,,
2022,aluno925,,,,0.0,7.818554797720798,,Ametista,Destaque: A sua boa entrega das lições de casa.,Melhorar: Empenhar-se mais nas aulas e avaliações.,Melhorar: Integrar-se mais aos Princípios Passos Mágicos.,10.00002,8.655270655270654,6.25,7.083333333333334,5.625,7.41666,10.0,ALFA,S,,Mantido na Fase atual,Mantido na Fase atual,,,,ALFA  ,2022,0.0,197.0,52.0,2.0,7.666666666666667,6.5,,2,0.0
2021,aluno1253,,,,,,,,,,,,,,,,,,,,,,,,,,,,,,,,,,,,
2022,aluno755,,,,0.0,7.468215478632479,,Ametista,Destaque: A sua boa entrega das lições de casa.,Melhorar: Empenhar-se mais nas aulas e avaliações.,Melhorar: Integrar-se mais aos Princípios Passos Mágicos.,7.5,8.792467948717949,5.0,6.944444444444446,8.125,6.291665,10.0,Fase 5,L,,Promovido de Fase,Mantido na Fase atual,Mantido na Fase + Bolsa,Mantido na Fase + Bolsa,,Fase 5 ,2017,1.0,328.0,22.0,6.0,5.333333333333333,6.666666666666667,8.833333333333334,4,0.0
2020,aluno156,Rede Decisão/União,12,2,0.0,7.1105566666666675,C,Ágata,Seu destaque em 2020: A sua boa entrega das lições de casa.,Ponto a melhorar em 2021: Empenhar-se mais nas aulas e avaliações.,Ponto a melhorar em 2021: Integrar-se mais aos Princípios Passos Mágicos.,7.91668,8.9,7.5,5.0,6.666666666666667,8.11111,5.0,Fase 2,J,,,,,,,,,,,,,,,,,
2020,aluno202,Escola Pública,12,2,0.0,3.7799986666666663,D,Quartzo,Ponto a melhorar em 2021: Melhorar a sua entrega de lições de casa.,Ponto a melhorar em 2021: Empenhar-se mais nas aulas e avaliações.,Ponto a melhorar em 2021: Integrar-se mais aos Princípios Passos Mágicos.,0.0,2.9,6.875,0.0,6.458333333333334,6.833326666666666,5.0,Fase 2,R,,,,,,,,,,,,,,,,,
2022,aluno615,,,,1.0,8.33840773949389,,Topázio,Destaque: A sua boa entrega das lições de casa.,Destaque: As suas boas notas na Passos Mágicos.,Destaque: A sua boa integração aos Princípios Passos Mágicos.,10.00002,9.03230203080278,7.5,8.916666666666668,6.875,9.05556,5.0,Fase 1,E,,Promovido de Fase + Bolsa,Mantido na Fase atual,Promovido de Fase,,,Fase 2 ,2019,0.0,56.0,9.0,1.0,9.0,8.833333333333334,,3,1.0
2022,aluno402,,,,0.0,7.096346507013722,,Ametista,Destaque: A sua boa entrega das lições de casa.,Melhorar: Empenhar-se mais nas aulas e avaliações.,Melhorar: Integrar-se mais aos Princípios Passos Mágicos.,8.000020000000001,7.669227535068609,7.5,5.25,5.625,6.999995,10.0,ALFA,N,,Mantido na Fase atual,Mantido na Fase atual,,,,ALFA  ,2022,0.0,457.0,133.0,4.0,6.5,4.0,,2,0.0
2021,aluno403,Escola Pública,,,0.0,7.878,,Ametista,,,,9.2,7.2,7.5,6.4,7.9,8.5,10.0,Fase 3,D,Ingressante,Promovido de Fase,Promovido de Fase,Mantido na Fase atual,Não avaliado,0.0,Fase 3 ,,,,,,,,,,
2020,aluno710,Rede Decisão/União,10,2,0.0,8.431669,B,Ametista,Seu destaque em 2020: A sua boa entrega das lições de casa.,Seu destaque em 2020: As suas boas notas na Passos Mágicos.,Seu destaque em 2020: A sua boa integração aos Princípios Passos Mágicos.,9.50002,8.2,6.25,9.0,7.5,8.333335,10.0,Fase 2,B,,,,,,,,,,,,,,,,,
2020,aluno79,,,,,,,,,,,,,,,,,,,,,,,,,,,,,,,,,,,,
2022,aluno415,,,,0.0,6.315265946455505,,Ágata,Destaque: A sua boa entrega das lições de casa.,Melhorar: Empenhar-se mais nas aulas e avaliações.,Melhorar: Integrar-se mais aos Princípios Passos Mágicos.,7.91667,8.72737556561086,7.5,3.666666666666667,7.03125,6.7083275,2.5,Fase 4,A,,Promovido de Fase,Mantido na Fase atual,Promovido de Fase,Promovido de Fase,,Fase 8 ,2022,0.0,681.0,61.0,11.0,4.833333333333333,5.833333333333333,0.3333333333333333,4,0.0
2022,aluno962,,,,,,,,,,,,,,,,,,,,,,,,,,,,,,,,,,,,
2020,aluno806,,,,,,,,,,,,,,,,,,,,,,,,,,,,,,,,,,,,
2021,aluno1206,Escola Pública,,,1.0,8.871,,Topázio,,,,8.5,10.0,7.5,7.6,8.1,9.7,10.0,ALFA,T,Ingressante,Promovido de Fase,Promovido de Fase,Não avaliado,Não avaliado,0.0,ALFA  ,,,,,,,,,,
2021,aluno1266,Escola Pública,,,0.0,4.817,,Quartzo,,,,10.0,3.3,5.6,1.8,6.9,2.8,10.0,Fase 3,R,Ingressante,Mantido na Fase atual,Promovido de Fase,Não avaliado,Não avaliado,0.0,Fase 3 ,,,,,,,,,,
2021,aluno400,Escola Pública,,,0.0,3.729,,Quartzo,,,,0.0,3.3,5.6,1.2,7.3,5.2,5.0,Fase 1,C,Veterano,Mantido na Fase atual,Mantido na Fase atual,Mantido na Fase atual,Não avaliado,-1.0,Fase 2 ,,,,,,,,,,
2021,aluno1317,,,,,,,,,,,,,,,,,,,,,,,,,,,,,,,,,,,,
2021,aluno322,,,,,,,,,,,,,,,,,,,,,,,,,,,,,,,,,,,,
2020,aluno1309,Escola Pública,17,1,0.0,7.887501166666667,B,Ametista,Seu destaque em 2020: A sua boa entrega das lições de casa.,Ponto a melhorar em 2021: Empenhar-se mais nas aulas e avaliações.,Seu destaque em 2020: A sua boa integração aos Princípios Passos Mágicos.,7.5,8.0,7.5,6.833333333333333,8.125,8.0416725,10.0,Fase 7,A,,,,,,,,,,,,,,,,,
2022,aluno149,,,,,,,,,,,,,,,,,,,,,,,,,,,,,,,,,,,,
2022,aluno714,,,,,,,,,,,,,,,,,,,,,,,,,,,,,,,,,,,,
2020,aluno666,Escola Pública,17,2,0.0,3.831041,D,Quartzo,Ponto a melhorar em 2021: Melhorar a sua entrega de lições de casa.,Ponto a melhorar em 2021: Empenhar-se mais nas aulas e avaliações.,Seu destaque em 2020: A sua boa integração aos Princípios Passos Mágicos.,5.8333200000000005,0.4,7.5,0.0,4.84375,4.66667,10.0,Fase 7,A,,,,,,,,,,,,,,,,,
2021,aluno70,,,,,,,,,,,,,,,,,,,,,,,,,,,,,,,,,,,,
2022,aluno992,,,,,,,,,,,,,,,,,,,,,,,,,,,,,,,,,,,,
2020,aluno606,Escola Pública,17,2,0.0,7.556458833333334,B,Ametista,Seu destaque em 2020: A sua boa entrega das lições de casa.,Ponto a melhorar em 2021: Empenhar-se mais nas aulas e avaliações.,Ponto a melhorar em 2021: Integrar-se mais aos Princípios Passos Mágicos.,9.16668,9.6,6.25,6.666666666666667,7.03125,7.7916625,5.0,Fase 5,F,,,,,,,,,,,,,,,,,
2022,aluno221,,,,0.0,4.932115107932876,,Quartzo,Melhorar: Melhorar a sua entrega de lições de casa.,Melhorar: Empenhar-se mais nas aulas e avaliações.,Melhorar: Integrar-se mais aos Princípios Passos Mágicos.,8.75001,3.613701372997712,7.5,2.666666666666667,6.09375,4.7083275,5.0,Fase 3,B,,Mantido na Fase atual,Promovido de Fase,Promovido de Fase,Alocado em Fase anterior,,Fase 5 ,2021,0.0,829.0,130.0,14.0,1.666666666666667,4.666666666666667,1.666666666666667,4,0.0
2022,aluno580,,,,0.0,7.590874571428571,,Ametista,Destaque: A sua boa entrega das lições de casa.,Melhorar: Empenhar-se mais nas aulas e avaliações.,Destaque: A sua boa integração aos Princípios Passos Mágicos.,10.00002,9.523809523809524,7.5,6.5,6.25,7.555553333333333,5.0,Fase 1,D,,Mantido na Fase atual,Mantido na Fase atual,Mantido na Fase atual,,,Fase 2 ,2022,0.0,278.0,74.0,9.0,5.0,8.0,,3,0.0
2021,aluno71,Escola Pública,,,,,,#NULO!,,,,7.4,0.0,5.0,3.6,0.0,0.0,5.0,ALFA,J,Veterano,Não avaliado,Não avaliado,Não avaliado,Não avaliado,-2.0,Fase 2 ,,,,,,,,,,
2022,aluno102,,,,0.0,7.475860455026456,,Ametista,Destaque: A sua boa entrega das lições de casa.,Destaque: As suas boas notas na Passos Mágicos.,Destaque: A sua boa integração aos Princípios Passos Mágicos.,7.333340000000001,8.941798941798943,7.5,7.666666666666666,6.041666666666667,7.833333333333333,5.0,Fase 1,P,,Mantido na Fase atual,Promovido de Fase,Mantido na Fase atual,,,Fase 2 ,2020,0.0,325.0,84.0,5.0,6.833333333333333,8.5,,3,0.0
2020,aluno512,Escola Pública,14,1,1.0,8.302779666666668,B,Ametista,Seu destaque em 2020: A sua boa entrega das lições de casa.,Seu destaque em 2020: As suas boas notas na Passos Mágicos.,Ponto a melhorar em 2021: Integrar-se mais aos Princípios Passos Mágicos.,8.75001,10.0,4.375,8.333333333333334,9.791666666666666,9.222226666666666,5.0,Fase 3,C,,,,,,,,,,,,,,,,,
2020,aluno937,Escola Pública,10,2,0.0,8.427224,B,Ametista,Seu destaque em 2020: A sua boa entrega das lições de casa.,Seu destaque em 2020: As suas boas notas na Passos Mágicos.,Ponto a melhorar em 2021: Integrar-se mais aos Princípios Passos Mágicos.,9.50002,9.4,7.5,10.0,7.916666666666668,7.777776666666667,5.0,Fase 1,H,,,,,,,,,,,,,,,,,
2022,aluno1346,,,,1.0,8.135537771280053,,Topázio,Destaque: A sua boa entrega das lições de casa.,Destaque: As suas boas notas na Passos Mágicos.,Destaque: A sua boa integração aos Princípios Passos Mágicos.,9.000020000000001,9.03183885640026,7.5,9.0,5.625,9.08334,5.0,ALFA,U,,Promovido de Fase,Promovido de Fase,,,,Fase 1 ,2022,0.0,105.0,30.0,2.0,9.166666666666666,8.833333333333334,,2,0.0
2022,aluno434,,,,1.0,7.888891111111111,,Ametista,Destaque: A sua boa entrega das lições de casa.,Melhorar: Empenhar-se mais nas aulas e avaliações.,Destaque: A sua boa integração aos Princípios Passos Mágicos.,10.00002,10.0,6.875,6.055555555555556,8.125,8.38889,5.0,Fase 3,N,,Promovido de Fase + Bolsa,Mantido na Fase + Bolsa,Promovido de Fase,,,Fase 4 ,2022,0.0,174.0,28.0,2.0,7.0,6.5,4.666666666666667,3,1.0
2020,aluno639,Escola Pública,11,1,0.0,6.067778,D,Quartzo,Ponto a melhorar em 2021: Melhorar a sua entrega de lições de casa.,Ponto a melhorar em 2021: Empenhar-se mais nas aulas e avaliações.,Seu destaque em 2020: A sua boa integração aos Princípios Passos Mágicos.,7.91668,5.7,7.5,1.5,7.083333333333333,6.888883333333332,10.0,Fase 2,F,,,,,,,,,,,,,,,,,
2020,aluno361,Escola Pública,9,1,0.0,5.668335,D,Quartzo,Ponto a melhorar em 2021: Melhorar a sua entrega de lições de casa.,Ponto a melhorar em 2021: Empenhar-se mais nas aulas e avaliações.,Seu destaque em 2020: A sua boa integração aos Princípios Passos Mágicos.,9.000020000000001,4.3,5.625,0.0,8.125,7.666665,10.0,Fase 1,F,,,,,,,,,,,,,,,,,
2021,aluno1164,Escola Pública,,,0.0,6.571,,Ágata,,,,9.0,5.0,7.5,6.2,7.5,7.2,5.0,ALFA,S,Ingressante,Mantido na Fase atual,Mantido na Fase atual,Não avaliado,Não avaliado,-1.0,Fase 1 ,,,,,,,,,,
2022,aluno1187,,,,,,,,,,,,,,,,,,,,,,,,,,,,,,,,,,,,
2022,aluno441,,,,0.0,6.802149357015729,,Ágata,Melhorar: Melhorar a sua entrega de lições de casa.,Melhorar: Empenhar-se mais nas aulas e avaliações.,Melhorar: Integrar-se mais aos Princípios Passos Mágicos.,8.75001,5.765262340634195,5.625,6.344444444444445,7.34375,6.04166,10.0,Fase 3,M,,Promovido de Fase,Mantido na Fase atual,Promovido de Fase,Promovido de Fase + Bolsa,,Fase 3 ,2019,0.0,554.0,72.0,5.0,6.5,7.166666666666667,5.366666666666667,4,1.0
2020,aluno595,,,,,,,,,,,,,,,,,,,,,,,,,,,,,,,,,,,,
2020,aluno185,,,,,,,,,,,,,,,,,,,,,,,,,,,,,,,,,,,,
2022,aluno882,,,,0.0,7.576531180695848,,Ametista,Destaque: A sua boa entrega das lições de casa.,Destaque: As suas boas notas na Passos Mágicos.,Melhorar: Integrar-se mais aos Princípios Passos Mágicos.,9.50002,7.570145903479236,7.5,9.166666666666668,5.625,7.333333333333333,5.0,Fase 1,N,,Mantido na Fase atual,Mantido na Fase atual,Mantido na Fase atual,,,Fase 2 ,2022,0.0,282.0,76.0,3.0,9.333333333333334,9.0,,3,0.0
2021,aluno721,Escola Pública,,,0.0,5.029,,Quartzo,,,,9.5,3.8,5.6,2.5,6.7,5.5,5.0,Fase 2,I,Veterano,Mantido na Fase atual,Mantido na Fase atual,Mantido na Fase atual,Não avaliado,-1.0,Fase 3 ,,,,,,,,,,
2020,aluno537,,,,,,,,,,,,,,,,,,,,,,,,,,,,,,,,,,,,
2021,aluno845,Escola Pública,,,0.0,5.683,,Ágata,,,,8.8,4.4,4.4,4.5,6.0,4.9,10.0,Fase 3,A,Ingressante,Promovido de Fase,Promovido de Fase,Mantido na Fase atual,Não avaliado,0.0,Fase 3 ,,,,,,,,,,
2022,aluno1101,,,,0.0,6.440323564297217,,Ágata,Destaque: A sua boa entrega das lições de casa.,Melhorar: Empenhar-se mais nas aulas e avaliações.,Melhorar: Integrar-se mais aos Princípios Passos Mágicos.,6.75,8.111341154819415,7.5,4.0,6.041666666666667,7.444443333333333,5.0,Fase 1,L,,Mantido na Fase atual,Promovido de Fase,Mantido na Fase atual,,,Fase 2 ,2022,0.0,652.0,158.0,12.0,3.0,5.0,,3,0.0
2021,aluno42,Escola Pública,,,0.0,6.802,,Ágata,,,,10.0,6.7,7.5,4.0,7.2,6.0,10.0,ALFA,J,Ingressante,Mantido na Fase atual,Mantido na Fase atual,Não avaliado,Não avaliado,0.0,ALFA  ,,,,,,,,,,
2021,aluno618,,,,,,,,,,,,,,,,,,,,,,,,,,,,,,,,,,,,
2020,aluno454,,,,,,,,,,,,,,,,,,,,,,,,,,,,,,,,,,,,
2020,aluno161,Estácio,18,4,,8.891667,B,Ametista,Seu destaque em 2020: O seu bom engajamento nas ações de voluntariado.,Seu destaque em 2020: As suas boas notas na Faculdade.,,7.91667,10.0,7.5,9.0,0.0,0.0,10.0,Fase 8,A,,,,,,,,,,,,,,,,,
2020,aluno49,,,,,,,,,,,,,,,,,,,,,,,,,,,,,,,,,,,,
2022,aluno545,,,,,,,,,,,,,,,,,,,,,,,,,,,,,,,,,,,,
2020,aluno1064,,,,,,,,,,,,,,,,,,,,,,,,,,,,,,,,,,,,
2022,aluno617,,,,0.0,7.794468490299825,,Ametista,Destaque: A sua boa entrega das lições de casa.,Melhorar: Empenhar-se mais nas aulas e avaliações.,Melhorar: Integrar-se mais aos Princípios Passos Mágicos.,8.500020000000001,8.784832451499119,7.5,6.833333333333334,6.041666666666667,7.333333333333333,10.0,Fase 1,B,,Mantido na Fase atual,Promovido de Fase,Mantido na Fase atual,,,Fase 1 ,2021,0.0,201.0,48.0,8.0,8.0,5.666666666666667,,3,0.0
2021,aluno941,,,,,,,,,,,,,,,,,,,,,,,,,,,,,,,,,,,,
2022,aluno55,,,,,,,,,,,,,,,,,,,,,,,,,,,,,,,,,,,,
2021,aluno218,Escola Pública,,,1.0,8.821,,Topázio,,,,9.5,10.0,7.5,6.9,8.1,9.7,10.0,ALFA,T,Ingressante,Promovido de Fase,Promovido de Fase,Não avaliado,Não avaliado,0.0,ALFA  ,,,,,,,,,,
2022,aluno566,,,,0.0,7.605386610766046,,Ametista,Melhorar: Melhorar a sua entrega de lições de casa.,Destaque: As suas boas notas na Passos Mágicos.,Melhorar: Integrar-se mais aos Princípios Passos Mágicos.,8.75001,6.441511387163561,7.5,7.533333333333334,7.1875,7.333333333333333,10.0,Fase 6,A,,Promovido de Fase,Mantido na Fase atual,Promovido de Fase,Promovido de Fase,,Fase 6 ,2021,0.0,270.0,9.0,9.0,8.5,4.366666666666667,9.733333333333333,4,0.0
2020,aluno1081,Escola Pública,16,3,0.0,5.2535425,D,Quartzo,Ponto a melhorar em 2021: Melhorar a sua entrega de lições de casa.,Ponto a melhorar em 2021: Empenhar-se mais nas aulas e avaliações.,Ponto a melhorar em 2021: Integrar-se mais aos Princípios Passos Mágicos.,8.33334,6.7,3.125,4.0,6.09375,4.2916675,5.0,Fase 5,G,,,,,,,,,,,,,,,,,
2021,aluno876,,,,,,,,,,,,,,,,,,,,,,,,,,,,,,,,,,,,
2021,aluno294,Escola Pública,,,1.0,8.994,,Topázio,,,,9.5,10.0,7.5,7.3,8.4,10.0,10.0,ALFA,K,Ingressante,Mantido na Fase + Bolsa,Mantido na Fase + Bolsa,Não avaliado,Não avaliado,0.0,ALFA  ,,,,,,,,,,
2021,aluno774,,,,,,,,,,,,,,,,,,,,,,,,,,,,,,,,,,,,
2021,aluno129,Escola Pública,,,0.0,5.819,,Ágata,,,,7.4,4.2,7.5,4.6,7.2,4.3,10.0,Fase 2,H,Ingressante,Mantido na Fase atual,Não avaliado,Mantido na Fase atual,Não avaliado,0.0,Fase 2 ,,,,,,,,,,
2022,aluno625,,,,,,,,,,,,,,,,,,,,,,,,,,,,,,,,,,,,
2022,aluno870,,,,1.0,8.427782,,Topázio,Destaque: A sua boa entrega das lições de casa.,Destaque: As suas boas notas na Passos Mágicos.,Destaque: A sua boa integração aos Princípios Passos Mágicos.,10.00002,10.0,7.5,8.0,6.666666666666666,9.555566666666666,5.0,Fase 2,L,,Promovido de Fase,Promovido de Fase,Mantido na Fase atual,,,Fase 3 ,2022,0.0,43.0,4.0,2.0,6.0,10.0,,3,0.0
2022,aluno1177,,,,0.0,7.064253429951691,,Ametista,Destaque: A sua boa entrega das lições de casa.,Melhorar: Empenhar-se mais nas aulas e avaliações.,Melhorar: Integrar-se mais aos Princípios Passos Mágicos.,10.00002,9.015700483091788,7.5,4.916666666666666,5.833333333333334,7.222223333333333,5.0,Fase 1,J,,Mantido na Fase atual,Mantido na Fase atual,Mantido na Fase atual,,,Fase 2 ,2022,0.0,466.0,119.0,10.0,4.333333333333333,5.5,,3,0.0
2022,aluno789,,,,,,,,,,,,,,,,,,,,,,,,,,,,,,,,,,,,
2021,aluno205,,,,,,,,,,,,,,,,,,,,,,,,,,,,,,,,,,,,
2022,aluno667,,,,0.0,6.0999985,,Ágata,Melhorar: Melhorar a sua entrega de lições de casa.,Melhorar: Empenhar-se mais nas aulas e avaliações.,Melhorar: Integrar-se mais aos Princípios Passos Mágicos.,6.25,7.25,7.5,4.0,7.5,6.1249925,5.0,Fase 3,D,,Promovido de Fase,Mantido na Fase atual,Promovido de Fase,Mantido na Fase atual,,Fase 4 ,2022,0.0,709.0,99.0,6.0,5.0,7.0,0.0,4,0.0
2022,aluno1184,,,,0.0,7.475002333333333,,Ametista,Destaque: A sua boa entrega das lições de casa.,Melhorar: Empenhar-se mais nas aulas e avaliações.,Destaque: A sua boa integração aos Princípios Passos Mágicos.,9.000020000000001,9.666666666666666,7.5,6.0,6.25,7.833335,5.0,Fase 1,U,,Mantido na Fase atual,Mantido na Fase atual,,,,Fase 2 ,2022,0.0,326.0,85.0,5.0,5.0,7.0,,2,0.0
2021,aluno244,,,,,,,,,,,,,,,,,,,,,,,,,,,,,,,,,,,,
2021,aluno601,,,,,,,,,,,,,,,,,,,,,,,,,,,,,,,,,,,,
2022,aluno664,,,,1.0,8.842987091787439,,Topázio,Destaque: A sua boa entrega das lições de casa.,Destaque: As suas boas notas na Passos Mágicos.,Destaque: A sua boa integração aos Princípios Passos Mágicos.,10.00002,9.485054347826086,9.375,8.011111111111111,9.0625,10.00001,5.0,Fase 6,A,,Promovido de Fase,Promovido de Fase + Bolsa,Promovido de Fase + Bolsa,Promovido de Fase + Bolsa,,Fase 7 ,2019,1.0,9.0,2.0,2.0,9.0,5.7,9.333333333333334,4,0.0
2022,aluno25,,,,0.0,7.95176506926407,,Ametista,Destaque: A sua boa entrega das lições de casa.,Destaque: As suas boas notas na Passos Mágicos.,Destaque: A sua boa integração aos Princípios Passos Mágicos.,7.50002,8.346320346320347,7.5,9.1,3.125,8.249995,10.0,ALFA,Y,,Promovido de Fase,Mantido na Fase atual,,,,ALFA  ,2022,0.0,154.0,42.0,3.0,9.133333333333333,9.066666666666668,,2,0.0
2020,aluno1136,Escola Pública,14,1,0.0,7.737918833333333,B,Ametista,Ponto a melhorar em 2021: Melhorar a sua entrega de lições de casa.,Seu destaque em 2020: As suas boas notas na Passos Mágicos.,Seu destaque em 2020: A sua boa integração aos Princípios Passos Mágicos.,9.58335,7.2,5.0,7.666666666666667,7.8125,7.6250025,10.0,Fase 4,E,,,,,,,,,,,,,,,,,
2021,aluno48,,,,,,,,,,,,,,,,,,,,,,,,,,,,,,,,,,,,
2022,aluno146,,,,,,,,,,,,,,,,,,,,,,,,,,,,,,,,,,,,
2020,aluno203,,,,,,,,,,,,,,,,,,,,,,,,,,,,,,,,,,,,
2022,aluno736,,,,,,,,,,,,,,,,,,,,,,,,,,,,,,,,,,,,
2022,aluno360,,,,0.0,5.938541333333333,,Quartzo,Melhorar: Melhorar a sua entrega de lições de casa.,Melhorar: Empenhar-se mais nas aulas e avaliações.,Melhorar: Integrar-se mais aos Princípios Passos Mágicos.,6.66667,5.083333333333334,5.625,3.833333333333333,7.34375,5.95833,10.0,Fase 3,L,,Promovido de Fase,Mantido na Fase atual,Mantido na Fase atual,Mantido na Fase atual,,Fase 3 ,2022,0.0,734.0,106.0,3.0,7.0,4.5,0.0,4,0.0
2020,aluno111,Escola Pública,14,0,0.0,6.8535425,C,Ágata,Seu destaque em 2020: A sua boa entrega das lições de casa.,Ponto a melhorar em 2021: Empenhar-se mais nas aulas e avaliações.,Ponto a melhorar em 2021: Integrar-se mais aos Princípios Passos Mágicos.,7.91667,7.7,7.5,4.5,7.96875,7.8750025,5.0,Fase 3,L,,,,,,,,,,,,,,,,,
2020,aluno411,,,,,,,,,,,,,,,,,,,,,,,,,,,,,,,,,,,,
2022,aluno1182,,,,0.0,7.886571512820513,,Ametista,Destaque: A sua boa entrega das lições de casa.,Destaque: As suas boas notas na Passos Mágicos.,Melhorar: Integrar-se mais aos Princípios Passos Mágicos.,8.500020000000001,9.097435897435895,5.0,9.616666666666667,3.4375,7.249995,10.0,ALFA,R,,Promovido de Fase,Mantido na Fase atual,,,,ALFA  ,2021,0.0,175.0,47.0,4.0,9.7,9.533333333333331,,2,0.0
2022,aluno904,,,,,,,,,,,,,,,,,,,,,,,,,,,,,,,,,,,,
2020,aluno572,,,,,,,,,,,,,,,,,,,,,,,,,,,,,,,,,,,,
2022,aluno303,,,,,,,,,,,,,,,,,,,,,,,,,,,,,,,,,,,,
2020,aluno874,Rede Decisão/União,14,4,0.0,7.706946333333334,B,Ametista,Seu destaque em 2020: A sua boa entrega das lições de casa.,Ponto a melhorar em 2021: Empenhar-se mais nas aulas e avaliações.,Seu destaque em 2020: A sua boa integração aos Princípios Passos Mágicos.,8.75001,8.0,5.0,6.333333333333333,8.541666666666666,8.05556,10.0,Fase 4,L,,,,,,,,,,,,,,,,,
2022,aluno1206,,,,0.0,8.072224444444444,,Topázio,Destaque: A sua boa entrega das lições de casa.,Destaque: As suas boas notas na Passos Mágicos.,Destaque: A sua boa integração aos Princípios Passos Mágicos.,8.500020000000001,8.88888888888889,7.5,8.0,5.833333333333334,7.555556666666667,10.0,Fase 1,B,,Mantido na Fase atual,Promovido de Fase,Promovido de Fase,,,Fase 1 ,2021,0.0,124.0,29.0,4.0,7.833333333333333,8.166666666666666,,3,0.0
2021,aluno1304,,,,,,,,,,,,,,,,,,,,,,,,,,,,,,,,,,,,
2022,aluno831,,,,0.0,6.445832675903806,,Ágata,Destaque: A sua boa entrega das lições de casa.,Melhorar: Empenhar-se mais nas aulas e avaliações.,Melhorar: Integrar-se mais aos Princípios Passos Mágicos.,9.50002,9.104156712852363,7.5,3.0,6.25,5.999996666666668,5.0,Fase 2,U,,Mantido na Fase atual,Promovido de Fase,Mantido na Fase atual,,,Fase 3 ,2019,0.0,650.0,115.0,10.0,1.333333333333333,4.666666666666667,,3,0.0
2020,aluno1022,Escola Pública,8,0,0.0,8.780002,A,Topázio,Seu destaque em 2020: A sua boa entrega das lições de casa.,Seu destaque em 2020: As suas boas notas na Passos Mágicos.,Seu destaque em 2020: A sua boa integração aos Princípios Passos Mágicos.,10.00002,9.9,7.5,9.0,7.5,7.5,10.0,ALFA,F,,,,,,,,,,,,,,,,,
2020,aluno938,Escola Pública,13,4,0.0,8.384169,B,Ametista,Seu destaque em 2020: A sua boa entrega das lições de casa.,Seu destaque em 2020: As suas boas notas na Passos Mágicos.,Seu destaque em 2020: A sua boa integração aos Princípios Passos Mágicos.,9.58335,9.4,4.375,9.0,7.083333333333334,8.000003333333332,10.0,Fase 3,F,,,,,,,,,,,,,,,,,
2021,aluno1093,Rede Decisão,,,0.0,7.225,,Ametista,,,,7.9,7.2,7.5,5.4,8.0,6.8,10.0,Fase 6,A,Veterano,Promovido de Fase,Promovido de Fase,Promovido de Fase + Bolsa,Promovido de Fase,3.0,Fase 3 ,,,,,,,,,,
2022,aluno559,,,,,,,,,,,,,,,,,,,,,,,,,,,,,,,,,,,,
2021,aluno971,,,,,,,,,,,,,,,,,,,,,,,,,,,,,,,,,,,,
2021,aluno954,,,,,,,,,,,,,,,,,,,,,,,,,,,,,,,,,,,,
2022,aluno1145,,,,,,,,,,,,,,,,,,,,,,,,,,,,,,,,,,,,
2021,aluno1136,Escola Pública,,,1.0,8.292,,Topázio,,,,8.8,9.2,7.5,8.2,8.8,9.1,5.0,Fase 4,E,Veterano,Promovido de Fase + Bolsa,Promovido de Fase + Bolsa,Promovido de Fase,Promovido de Fase,-1.0,Fase 5 ,,,,,,,,,,
2022,aluno766,,,,0.0,4.951788339057362,,Quartzo,Melhorar: Melhorar a sua entrega de lições de casa.,Melhorar: Empenhar-se mais nas aulas e avaliações.,Melhorar: Integrar-se mais aos Princípios Passos Mágicos.,0.0,4.617281695286811,7.5,4.766666666666667,6.25,5.999993333333333,5.0,Fase 6,A,,Promovido de Fase,Mantido na Fase atual,Mantido na Fase atual,Promovido de Fase,,Fase 7 ,2020,0.0,824.0,17.0,17.0,9.0,1.633333333333333,3.666666666666667,4,0.0
2022,aluno1172,,,,,,,,,,,,,,,,,,,,,,,,,,,,,,,,,,,,
2020,aluno367,Escola Pública,13,4,0.0,8.325834666666669,B,Ametista,Seu destaque em 2020: A sua boa entrega das lições de casa.,Ponto a melhorar em 2021: Empenhar-se mais nas aulas e avaliações.,Seu destaque em 2020: A sua boa integração aos Princípios Passos Mágicos.,9.16668,9.4,7.5,6.666666666666667,8.125,8.166666666666668,10.0,Fase 3,F,,,,,,,,,,,,,,,,,
2020,aluno1129,Rede Decisão/União,10,1,0.0,8.035278666666667,B,Ametista,Seu destaque em 2020: A sua boa entrega das lições de casa.,Seu destaque em 2020: As suas boas notas na Passos Mágicos.,Seu destaque em 2020: A sua boa integração aos Princípios Passos Mágicos.,9.000020000000001,9.1,5.0,8.0,7.708333333333334,7.222216666666665,10.0,Fase 2,F,,,,,,,,,,,,,,,,,
2020,aluno1238,Escola Pública,8,2,0.0,8.539168,A,Topázio,Seu destaque em 2020: A sua boa entrega das lições de casa.,Seu destaque em 2020: As suas boas notas na Passos Mágicos.,Seu destaque em 2020: A sua boa integração aos Princípios Passos Mágicos.,7.41668,8.8,7.5,10.0,6.875,8.0,10.0,Fase 1,F,,,,,,,,,,,,,,,,,
2021,aluno821,,,,,,,,,,,,,,,,,,,,,,,,,,,,,,,,,,,,
2022,aluno503,,,,0.0,7.826390666666667,,Ametista,Destaque: A sua boa entrega das lições de casa.,Destaque: As suas boas notas na Passos Mágicos.,Melhorar: Integrar-se mais aos Princípios Passos Mágicos.,8.500020000000001,10.0,7.5,8.166666666666666,6.041666666666667,7.444443333333333,5.0,Fase 1,B,,Mantido na Fase atual,Promovido de Fase,Mantido na Fase atual,,,Fase 2 ,2020,0.0,196.0,46.0,7.0,8.166666666666666,8.166666666666666,,3,0.0
2021,aluno464,,,,,,,,,,,,,,,,,,,,,,,,,,,,,,,,,,,,
2022,aluno630,,,,,,,,,,,,,,,,,,,,,,,,,,,,,,,,,,,,
2020,aluno1041,Escola Pública,12,1,0.0,7.793543333333334,B,Ametista,Ponto a melhorar em 2021: Melhorar a sua entrega de lições de casa.,Seu destaque em 2020: As suas boas notas na Passos Mágicos.,Seu destaque em 2020: A sua boa integração aos Princípios Passos Mágicos.,8.75001,5.4,7.5,8.666666666666666,7.96875,7.79167,10.0,Fase 3,M,,,,,,,,,,,,,,,,,
2020,aluno108,,,,,,,,,,,,,,,,,,,,,,,,,,,,,,,,,,,,
2020,aluno554,,,,,,,,,,,,,,,,,,,,,,,,,,,,,,,,,,,,
2020,aluno1334,,,,,,,,,,,,,,,,,,,,,,,,,,,,,,,,,,,,
2020,aluno1062,,,,,,,,,,,,,,,,,,,,,,,,,,,,,,,,,,,,
2022,aluno947,,,,0.0,5.84372876673568,,Quartzo,Melhorar: Melhorar a sua entrega de lições de casa.,Melhorar: Empenhar-se mais nas aulas e avaliações.,Melhorar: Integrar-se mais aos Princípios Passos Mágicos.,8.500020000000001,5.572808833678399,7.5,4.5,5.625,5.833325,5.0,Fase 1,U,,Mantido na Fase atual,Promovido de Fase,,,,Fase 2 ,2021,0.0,747.0,177.0,12.0,3.666666666666667,5.333333333333333,,2,0.0
2021,aluno1241,,,,,,,,,,,,,,,,,,,,,,,,,,,,,,,,,,,,
2020,aluno723,,,,,,,,,,,,,,,,,,,,,,,,,,,,,,,,,,,,
2021,aluno566,Escola Pública,,,0.0,8.133,,Ametista,,,,8.8,7.8,7.5,7.9,8.4,7.6,10.0,Fase 5,B,Ingressante,Promovido de Fase,Mantido na Fase atual,Promovido de Fase + Bolsa,Promovido de Fase,0.0,Fase 5 ,,,,,,,,,,
2020,aluno714,Escola Pública,16,2,0.0,5.550414999999999,D,Quartzo,Ponto a melhorar em 2021: Melhorar a sua entrega de lições de casa.,Ponto a melhorar em 2021: Empenhar-se mais nas aulas e avaliações.,Seu destaque em 2020: A sua boa integração aos Princípios Passos Mágicos.,7.5,2.7,4.375,4.5,6.5625,6.333325,10.0,Fase 7,A,,,,,,,,,,,,,,,,,
2022,aluno853,,,,1.0,7.928601818181819,,Ametista,Destaque: A sua boa entrega das lições de casa.,Destaque: As suas boas notas na Passos Mágicos.,Destaque: A sua boa integração aos Princípios Passos Mágicos.,9.50002,9.090909090909092,7.5,7.75,5.9375,8.83334,5.0,Fase 1,U,,Mantido na Fase atual,Promovido de Fase,,,,Fase 2 ,2022,0.0,160.0,39.0,2.0,8.0,7.5,,2,0.0
2020,aluno636,Escola Pública,16,1,0.0,5.708056666666667,D,Quartzo,Ponto a melhorar em 2021: Melhorar a sua entrega de lições de casa.,Ponto a melhorar em 2021: Empenhar-se mais nas aulas e avaliações.,Ponto a melhorar em 2021: Integrar-se mais aos Princípios Passos Mágicos.,7.08334,3.7,7.5,6.0,6.875,5.611113333333333,5.0,Fase 5,A,,,,,,,,,,,,,,,,,
2022,aluno224,,,,0.0,6.606168554778556,,Ágata,Destaque: A sua boa entrega das lições de casa.,Melhorar: Empenhar-se mais nas aulas e avaliações.,Melhorar: Integrar-se mais aos Princípios Passos Mágicos.,9.50002,8.607226107226108,7.5,3.333333333333333,5.625,7.277773333333333,5.0,Fase 1,R,,Mantido na Fase atual,Mantido na Fase atual,Mantido na Fase atual,,,Fase 2 ,2022,0.0,624.0,152.0,12.0,1.5,5.166666666666667,,3,0.0
2020,aluno217,Escola Pública,9,1,1.0,8.942503,A,Topázio,Seu destaque em 2020: A sua boa entrega das lições de casa.,Seu destaque em 2020: As suas boas notas na Passos Mágicos.,Seu destaque em 2020: A sua boa integração aos Princípios Passos Mágicos.,8.000020000000001,9.4,7.5,9.5,8.125,9.000005,10.0,Fase 1,B,,,,,,,,,,,,,,,,,
2022,aluno633,,,,0.0,6.860192771302772,,Ágata,Melhorar: Melhorar a sua entrega de lições de casa.,Destaque: As suas boas notas na Passos Mágicos.,Melhorar: Integrar-se mais aos Princípios Passos Mágicos.,9.50002,7.189847189847191,5.0,7.5,5.833333333333334,6.94444,5.0,Fase 1,J,,Mantido na Fase atual,Mantido na Fase atual,Mantido na Fase atual,,,Fase 2 ,2022,0.0,534.0,135.0,11.0,5.5,9.5,,3,0.0
2020,aluno784,,,,,,,,,,,,,,,,,,,,,,,,,,,,,,,,,,,,
2021,aluno946,Escola Pública,,,0.0,7.542,,Ametista,,,,7.9,6.1,7.5,7.1,7.5,8.1,10.0,Fase 3,M,Ingressante,Promovido de Fase,Mantido na Fase atual,Promovido de Fase,Não avaliado,0.0,Fase 3 ,,,,,,,,,,
2022,aluno1125,,,,0.0,6.306945444444445,,Ágata,Destaque: A sua boa entrega das lições de casa.,Melhorar: Empenhar-se mais nas aulas e avaliações.,Melhorar: Integrar-se mais aos Princípios Passos Mágicos.,9.50002,9.72222222222222,5.625,3.25,5.0,5.999995,5.0,Fase 1,F,,Mantido na Fase atual,Promovido de Fase,,,,Fase 2 ,2022,0.0,686.0,165.0,9.0,1.0,5.5,,2,0.0
2020,aluno618,Escola Pública,16,3,0.0,4.515278666666667,D,Quartzo,Ponto a melhorar em 2021: Melhorar a sua entrega de lições de casa.,Ponto a melhorar em 2021: Empenhar-se mais nas aulas e avaliações.,Ponto a melhorar em 2021: Integrar-se mais aos Princípios Passos Mágicos.,9.50002,4.0,4.375,0.0,6.666666666666666,7.055549999999999,2.5,Fase 2,G,,,,,,,,,,,,,,,,,
2021,aluno520,Rede Decisão,,,0.0,8.414,,Topázio,,,,7.9,9.7,5.6,7.2,9.0,8.9,10.0,Fase 3,L,Veterano,Promovido de Fase,Promovido de Fase + Bolsa,Promovido de Fase,Não avaliado,1.0,Fase 2 ,,,,,,,,,,
2021,aluno725,Escola Pública,,,0.0,2.767,,Quartzo,,,,0.0,0.4,7.5,0.0,7.5,3.4,5.0,Fase 2,M,Veterano,Mantido na Fase atual,Não avaliado,Mantido na Fase atual,Não avaliado,-1.0,Fase 3 ,,,,,,,,,,
2020,aluno648,Escola Pública,12,1,0.0,6.569166666666667,C,Ágata,Ponto a melhorar em 2021: Melhorar a sua entrega de lições de casa.,Ponto a melhorar em 2021: Empenhar-se mais nas aulas e avaliações.,Seu destaque em 2020: A sua boa integração aos Princípios Passos Mágicos.,7.91668,6.2,7.5,5.0,6.875000000000001,5.499993333333334,10.0,Fase 3,H,,,,,,,,,,,,,,,,,
2022,aluno1024,,,,,,,,,,,,,,,,,,,,,,,,,,,,,,,,,,,,
2022,aluno1258,,,,0.0,7.640722218045114,,Ametista,Melhorar: Melhorar a sua entrega de lições de casa.,Destaque: As suas boas notas na Passos Mágicos.,Melhorar: Integrar-se mais aos Princípios Passos Mágicos.,10.00002,7.274436090225564,7.5,8.45,3.125,7.166665,10.0,ALFA,Y,,Promovido de Fase,Mantido na Fase atual,,,,ALFA  ,2022,0.0,258.0,73.0,4.0,8.1,8.799999999999999,,2,0.0
2022,aluno188,,,,,,,,,,,,,,,,,,,,,,,,,,,,,,,,,,,,
2021,aluno286,,,,,,,,,,,,,,,,,,,,,,,,,,,,,,,,,,,,
2021,aluno220,,,,,,,,,,,,,,,,,,,,,,,,,,,,,,,,,,,,
2020,aluno933,,,,,,,,,,,,,,,,,,,,,,,,,,,,,,,,,,,,
2021,aluno1321,,,,,,,,,,,,,,,,,,,,,,,,,,,,,,,,,,,,
2021,aluno1067,Escola Pública,,,1.0,8.544,,Topázio,,,,9.5,10.0,7.5,8.1,8.8,9.2,5.0,Fase 1,E,Veterano,Promovido de Fase,Promovido de Fase,Promovido de Fase,Não avaliado,-1.0,Fase 2 ,,,,,,,,,,
2020,aluno1276,,,,,,,,,,,,,,,,,,,,,,,,,,,,,,,,,,,,
2021,aluno837,,,,,,,,,,,,,,,,,,,,,,,,,,,,,,,,,,,,
2021,aluno261,Escola Pública,,,0.0,6.899,,Ametista,,,,9.2,7.8,7.5,5.9,8.4,7.0,2.5,Fase 4,A,Veterano,Promovido de Fase + Bolsa,Promovido de Fase,Promovido de Fase,Promovido de Fase,-4.0,Fase 8 ,,,,,,,,,,
2021,aluno518,Rede Decisão,,,0.0,7.971,,Ametista,,,,9.6,6.7,7.5,7.9,8.1,7.7,10.0,Fase 7,A,Veterano,Promovido de Fase + Bolsa,Promovido de Fase + Bolsa,Promovido de Fase + Bolsa,Promovido de Fase,0.0,Fase 7 ,,,,,,,,,,
2022,aluno1264,,,,0.0,6.957373794871796,,Ágata,Destaque: A sua boa entrega das lições de casa.,Melhorar: Empenhar-se mais nas aulas e avaliações.,Destaque: A sua boa integração aos Princípios Passos Mágicos.,9.000020000000001,8.974358974358974,7.5,4.333333333333334,6.458333333333334,7.5,5.0,Fase 2,F,,Mantido na Fase atual,Promovido de Fase,Mantido na Fase atual,,,Fase 3 ,2019,0.0,500.0,75.0,13.0,2.0,6.666666666666667,,3,0.0
2021,aluno1188,,,,,,,,,,,,,,,,,,,,,,,,,,,,,,,,,,,,
2021,aluno1287,Escola Pública,,,0.0,7.546,,Ametista,,,,8.0,10.0,7.5,5.3,7.5,8.4,5.0,ALFA,J,Veterano,Promovido de Fase,Mantido na Fase atual,Não avaliado,Não avaliado,-2.0,Fase 2 ,,,,,,,,,,
2020,aluno80,Escola Pública,10,1,0.0,6.499723333333334,C,Ágata,Seu destaque em 2020: A sua boa entrega das lições de casa.,Ponto a melhorar em 2021: Empenhar-se mais nas aulas e avaliações.,Seu destaque em 2020: A sua boa integração aos Princípios Passos Mágicos.,6.9166799999999995,9.2,7.5,0.0,7.291666666666667,7.444443333333333,10.0,Fase 2,N,,,,,,,,,,,,,,,,,
2022,aluno1247,,,,0.0,3.633136754696726,,Quartzo,Melhorar: Melhorar a sua entrega de lições de casa.,Melhorar: Empenhar-se mais nas aulas e avaliações.,Melhorar: Integrar-se mais aos Princípios Passos Mágicos.,0.0,4.978193773483628,5.625,0.6666666666666666,5.416666666666667,4.49999,5.0,Fase 2,U,,Mantido na Fase atual,Mantido na Fase atual,Mantido na Fase atual,,,Fase 3 ,2022,0.0,860.0,155.0,16.0,0.3333333333333333,1.0,,3,0.0
2020,aluno456,,,,,,,,,,,,,,,,,,,,,,,,,,,,,,,,,,,,
2022,aluno409,,,,0.0,6.380177212121212,,Ágata,Destaque: A sua boa entrega das lições de casa.,Melhorar: Empenhar-se mais nas aulas e avaliações.,Melhorar: Integrar-se mais aos Princípios Passos Mágicos.,5.75,8.393939393939394,5.0,5.5,6.041666666666666,7.111113333333333,5.0,Fase 2,U,,Mantido na Fase atual,Promovido de Fase,Mantido na Fase atual,,,Fase 3 ,2022,0.0,664.0,121.0,12.0,5.0,6.0,,3,0.0
2021,aluno92,,,,,,,,,,,,,,,,,,,,,,,,,,,,,,,,,,,,
2021,aluno356,,,,,,,,,,,,,,,,,,,,,,,,,,,,,,,,,,,,
2021,aluno667,,,,,,,,,,,,,,,,,,,,,,,,,,,,,,,,,,,,
2022,aluno535,,,,,,,,,,,,,,,,,,,,,,,,,,,,,,,,,,,,
2022,aluno273,,,,0.0,6.683335555555555,,Ágata,Melhorar: Melhorar a sua entrega de lições de casa.,Melhorar: Empenhar-se mais nas aulas e avaliações.,Destaque: A sua boa integração aos Princípios Passos Mágicos.,8.500020000000001,6.777777777777777,7.5,5.666666666666666,5.833333333333334,7.555556666666667,5.0,Fase 1,B,,Promovido de Fase,Promovido de Fase,Promovido de Fase,,,Fase 2 ,2018,0.0,595.0,145.0,12.0,5.833333333333333,5.5,,3,0.0
2022,aluno587,,,,0.0,6.433069783068783,,Ágata,Destaque: A sua boa entrega das lições de casa.,Melhorar: Empenhar-se mais nas aulas e avaliações.,Melhorar: Integrar-se mais aos Princípios Passos Mágicos.,7.41668,7.915343915343915,5.625,5.75,5.625,6.666665,5.0,ALFA,D,,Mantido na Fase atual,Mantido na Fase atual,,,,Fase 1 ,2022,0.0,655.0,172.0,9.0,6.0,5.5,,2,0.0
2021,aluno615,Escola Pública,,,0.0,8.358,,Topázio,,,,9.0,8.8,7.5,7.4,7.5,8.7,10.0,Fase 1,B,Veterano,Promovido de Fase,Mantido na Fase atual,Mantido na Fase atual,Não avaliado,0.0,Fase 1 ,,,,,,,,,,
2022,aluno216,,,,,,,,,,,,,,,,,,,,,,,,,,,,,,,,,,,,
2021,aluno1094,,,,,,,,,,,,,,,,,,,,,,,,,,,,,,,,,,,,
2022,aluno574,,,,1.0,8.108784346405228,,Topázio,Destaque: A sua boa entrega das lições de casa.,Melhorar: Empenhar-se mais nas aulas e avaliações.,Destaque: A sua boa integração aos Princípios Passos Mágicos.,8.75001,9.477941176470589,7.5,6.722222222222221,8.4375,9.500003333333332,5.0,Fase 7,A,,Promovido de Fase,Mantido na Fase atual,Promovido de Fase + Bolsa,Mantido na Fase + Bolsa,,Fase 8 ,2019,0.0,113.0,1.0,1.0,5.5,6.0,8.666666666666666,4,1.0
2020,aluno56,,,,,,,,,,,,,,,,,,,,,,,,,,,,,,,,,,,,
2022,aluno887,,,,0.0,5.852779111111111,,Quartzo,Melhorar: Melhorar a sua entrega de lições de casa.,Melhorar: Empenhar-se mais nas aulas e avaliações.,Melhorar: Integrar-se mais aos Princípios Passos Mágicos.,9.000020000000001,7.222222222222222,7.5,0.0,4.583333333333333,6.499996666666666,10.0,Fase 1,A,,Mantido na Fase atual,Mantido na Fase atual,Mantido na Fase atual,,,Fase 1 ,2022,0.0,743.0,176.0,12.0,0.0,0.0,,3,0.0
2020,aluno960,,,,,,,,,,,,,,,,,,,,,,,,,,,,,,,,,,,,
2021,aluno640,,,,,,,,,,,,,,,,,,,,,,,,,,,,,,,,,,,,
2021,aluno1101,,,,,,,,,,,,,,,,,,,,,,,,,,,,,,,,,,,,
2020,aluno90,Escola Pública,14,1,0.0,7.073542833333333,C,Ágata,Ponto a melhorar em 2021: Melhorar a sua entrega de lições de casa.,Seu destaque em 2020: As suas boas notas na Passos Mágicos.,Ponto a melhorar em 2021: Integrar-se mais aos Princípios Passos Mágicos.,8.33334,5.8,7.5,7.666666666666667,7.96875,7.5000025,5.0,Fase 3,M,,,,,,,,,,,,,,,,,
2021,aluno1085,Escola Pública,,,0.0,6.234,,Ágata,,,,8.8,7.5,7.5,3.9,7.3,5.5,5.0,Fase 4,L,Ingressante,Promovido de Fase,Mantido na Fase atual,Promovido de Fase,Promovido de Fase,-1.0,Fase 5 ,,,,,,,,,,
2022,aluno1333,,,,1.0,8.180094592592592,,Topázio,Destaque: A sua boa entrega das lições de casa.,Melhorar: Empenhar-se mais nas aulas e avaliações.,Destaque: A sua boa integração aos Princípios Passos Mágicos.,9.000020000000001,9.62962962962963,7.5,6.5,6.041666666666667,8.5,10.0,Fase 1,L,,Mantido na Fase atual,Promovido de Fase,Mantido na Fase atual,,,Fase 1 ,2022,0.0,91.0,21.0,3.0,6.0,7.0,,3,0.0
2021,aluno1072,Escola Pública,,,0.0,7.033,,Ametista,,,,9.2,5.3,7.5,4.6,7.5,8.2,10.0,Fase 3,C,Veterano,Promovido de Fase,Promovido de Fase,Mantido na Fase atual,Não avaliado,0.0,Fase 3 ,,,,,,,,,,
2021,aluno943,,,,,,,,,,,,,,,,,,,,,,,,,,,,,,,,,,,,
2022,aluno1078,,,,0.0,6.511662330532213,,Ágata,Destaque: A sua boa entrega das lições de casa.,Melhorar: Empenhar-se mais nas aulas e avaliações.,Melhorar: Integrar-se mais aos Princípios Passos Mágicos.,8.000020000000001,7.662464985994397,7.5,5.583333333333334,6.458333333333334,5.833336666666667,5.0,Fase 2,Q,,Mantido na Fase atual,Mantido na Fase atual,Mantido na Fase atual,,,Fase 3 ,2019,0.0,642.0,113.0,8.0,4.666666666666667,6.5,,3,0.0
2021,aluno1,Rede Decisão,,,0.0,7.319,,Ametista,,,,7.5,6.3,6.9,8.8,7.7,8.1,5.0,Fase 2,G,Ingressante,Promovido de Fase,Promovido de Fase,Mantido na Fase atual,Não avaliado,-1.0,Fase 3 ,,,,,,,,,,
2021,aluno456,,,,,,,,,,,,,,,,,,,,,,,,,,,,,,,,,,,,
2021,aluno869,,,,,,,,,,,,,,,,,,,,,,,,,,,,,,,,,,,,
2022,aluno771,,,,0.0,6.524519230769231,,Ágata,Destaque: A sua boa entrega das lições de casa.,Melhorar: Empenhar-se mais nas aulas e avaliações.,Melhorar: Integrar-se mais aos Princípios Passos Mágicos.,8.91668,8.112179487179487,7.5,6.666666666666666,3.4375,5.41666,5.0,ALFA,G,,Mantido na Fase atual,Mantido na Fase atual,,,,Fase 1 ,2022,0.0,641.0,171.0,10.0,7.333333333333333,6.0,,2,0.0
2021,aluno451,Escola Pública,,,0.0,5.667,,Ágata,,,,8.5,5.0,7.5,1.0,8.3,7.7,5.0,Fase 1,E,Veterano,Mantido na Fase atual,Mantido na Fase atual,Mantido na Fase atual,Não avaliado,-1.0,Fase 2 ,,,,,,,,,,
2021,aluno455,Escola Pública,,,0.0,7.154,,Ametista,,,,8.5,7.1,7.5,4.9,7.3,7.2,10.0,Fase 2,F,Veterano,Mantido na Fase atual,Mantido na Fase atual,Mantido na Fase atual,Não avaliado,0.0,Fase 2 ,,,,,,,,,,
2020,aluno670,Escola Pública,16,0,1.0,8.195835666666667,B,Ametista,Seu destaque em 2020: A sua boa entrega das lições de casa.,Seu destaque em 2020: As suas boas notas na Passos Mágicos.,Ponto a melhorar em 2021: Integrar-se mais aos Princípios Passos Mágicos.,8.75001,7.5,9.375,8.0,9.166666666666666,9.33334,5.0,Fase 5,A,,,,,,,,,,,,,,,,,
2021,aluno996,Rede Decisão,,,0.0,6.892,,Ametista,,,,9.0,5.8,7.5,5.6,7.3,6.2,10.0,Fase 2,G,Veterano,Mantido na Fase atual,Mantido na Fase atual,Mantido na Fase atual,Não avaliado,0.0,Fase 2 ,,,,,,,,,,
2021,aluno1030,,,,,,,,,,,,,,,,,,,,,,,,,,,,,,,,,,,,
2020,aluno262,Rede Decisão/União,15,3,1.0,8.221251333333335,B,Ametista,Seu destaque em 2020: A sua boa entrega das lições de casa.,Ponto a melhorar em 2021: Empenhar-se mais nas aulas e avaliações.,Seu destaque em 2020: A sua boa integração aos Princípios Passos Mágicos.,7.91667,9.2,5.0,6.666666666666667,9.0625,9.250005,10.0,Fase 5,F,,,,,,,,,,,,,,,,,
2021,aluno341,,,,,,,,,,,,,,,,,,,,,,,,,,,,,,,,,,,,
2022,aluno881,,,,0.0,8.057199636363638,,Ametista,Destaque: A sua boa entrega das lições de casa.,Destaque: As suas boas notas na Passos Mágicos.,Destaque: A sua boa integração aos Princípios Passos Mágicos.,9.50002,9.848484848484848,7.5,7.833333333333333,6.875,8.166670000000002,5.0,Fase 1,E,,Promovido de Fase + Bolsa,Mantido na Fase atual,Mantido na Fase atual,,,Fase 2 ,2022,0.0,132.0,31.0,2.0,8.666666666666666,7.0,,3,1.0
2020,aluno73,,,,,,,,,,,,,,,,,,,,,,,,,,,,,,,,,,,,
2022,aluno995,,,,0.0,7.221179827586207,,Ametista,Destaque: A sua boa entrega das lições de casa.,Melhorar: Empenhar-se mais nas aulas e avaliações.,Melhorar: Integrar-se mais aos Princípios Passos Mágicos.,8.000020000000001,9.751724137931037,6.25,6.5,5.625,7.416665,5.0,Fase 1,F,,Mantido na Fase atual,Promovido de Fase,,,,Fase 2 ,2019,0.0,419.0,107.0,3.0,5.333333333333333,7.666666666666667,,2,0.0
2021,aluno709,Escola Pública,,,0.0,7.449,,Ametista,,,,8.5,8.3,7.5,5.8,8.5,8.4,5.0,Fase 1,R,Ingressante,Mantido na Fase atual,Promovido de Fase,Mantido na Fase atual,Não avaliado,-1.0,Fase 2 ,,,,,,,,,,
2022,aluno372,,,,,,,,,,,,,,,,,,,,,,,,,,,,,,,,,,,,
2022,aluno1063,,,,0.0,5.552244923076923,,Quartzo,Melhorar: Melhorar a sua entrega de lições de casa.,Melhorar: Empenhar-se mais nas aulas e avaliações.,Melhorar: Integrar-se mais aos Princípios Passos Mágicos.,9.000020000000001,4.573717948717949,7.5,4.166666666666667,4.375,6.08333,5.0,ALFA,G,,Mantido na Fase atual,Mantido na Fase atual,,,,Fase 2 ,2021,0.0,783.0,185.0,13.0,5.0,3.333333333333333,,2,0.0
2022,aluno158,,,,0.0,5.623852223240812,,Quartzo,Melhorar: Melhorar a sua entrega de lições de casa.,Melhorar: Empenhar-se mais nas aulas e avaliações.,Melhorar: Integrar-se mais aos Princípios Passos Mágicos.,8.33334,4.747740005092947,5.0,4.111111111111112,7.1875,6.49999,5.0,Fase 4,F,,Promovido de Fase,Mantido na Fase atual,Promovido de Fase,Promovido de Fase,,Fase 6 ,2018,0.0,772.0,69.0,14.0,3.666666666666667,5.166666666666667,3.5,4,0.0
2022,aluno884,,,,0.0,5.537423023965141,,Quartzo,Melhorar: Melhorar a sua entrega de lições de casa.,Melhorar: Empenhar-se mais nas aulas e avaliações.,Melhorar: Integrar-se mais aos Princípios Passos Mágicos.,6.66668,5.995438453159041,7.5,4.9,4.583333333333333,6.16667,2.5,Fase 5,B,,Promovido de Fase,Mantido na Fase atual,Alocado em Fase anterior,,,Fase 8 ,2021,0.0,787.0,53.0,16.0,5.0,6.166666666666667,3.533333333333333,3,0.0
2022,aluno412,,,,0.0,7.744066545454546,,Ametista,Destaque: A sua boa entrega das lições de casa.,Melhorar: Empenhar-se mais nas aulas e avaliações.,Melhorar: Integrar-se mais aos Princípios Passos Mágicos.,9.50002,9.393939393939394,7.5,5.75,6.041666666666667,7.055549999999999,10.0,Fase 1,K,,Mantido na Fase atual,Mantido na Fase atual,Mantido na Fase atual,,,Fase 1 ,2022,0.0,219.0,57.0,4.0,3.0,8.5,,3,0.0
2020,aluno1034,Escola Pública,11,1,0.0,7.751391333333333,B,Ametista,Seu destaque em 2020: A sua boa entrega das lições de casa.,Ponto a melhorar em 2021: Empenhar-se mais nas aulas e avaliações.,Seu destaque em 2020: A sua boa integração aos Princípios Passos Mágicos.,8.000020000000001,8.5,7.5,5.5,8.125,7.944446666666668,10.0,Fase 2,N,,,,,,,,,,,,,,,,,
2021,aluno267,Rede Decisão,,,0.0,8.014,,Ametista,,,,9.2,8.9,6.3,8.2,8.3,8.6,5.0,Fase 4,G,Ingressante,Promovido de Fase + Bolsa,Promovido de Fase + Bolsa,Promovido de Fase + Bolsa,Promovido de Fase,-1.0,Fase 5 ,,,,,,,,,,
2020,aluno951,Escola Pública,16,0,0.0,7.0766670000000005,C,Ágata,Seu destaque em 2020: A sua boa entrega das lições de casa.,Ponto a melhorar em 2021: Empenhar-se mais nas aulas e avaliações.,Ponto a melhorar em 2021: Integrar-se mais aos Princípios Passos Mágicos.,7.91667,8.8,7.5,6.0,7.083333333333334,6.833333333333333,5.0,Fase 5,B,,,,,,,,,,,,,,,,,
2021,aluno478,,,,,,,,,,,,,,,,,,,,,,,,,,,,,,,,,,,,
2022,aluno383,,,,,,,,,,,,,,,,,,,,,,,,,,,,,,,,,,,,
2022,aluno1164,,,,,,,,,,,,,,,,,,,,,,,,,,,,,,,,,,,,
2020,aluno301,Escola Pública,9,1,0.0,8.848335333333335,A,Topázio,Seu destaque em 2020: A sua boa entrega das lições de casa.,Seu destaque em 2020: As suas boas notas na Passos Mágicos.,Seu destaque em 2020: A sua boa integração aos Princípios Passos Mágicos.,10.00002,9.2,7.5,9.5,7.916666666666668,7.833333333333333,10.0,Fase 1,J,,,,,,,,,,,,,,,,,
2022,aluno845,,,,,,,,,,,,,,,,,,,,,,,,,,,,,,,,,,,,
2020,aluno638,Escola Pública,13,1,0.0,6.906668,C,Ágata,Seu destaque em 2020: A sua boa entrega das lições de casa.,Seu destaque em 2020: As suas boas notas na Passos Mágicos.,Ponto a melhorar em 2021: Integrar-se mais aos Princípios Passos Mágicos.,9.000020000000001,9.2,5.0,8.5,2.5,6.08333,5.0,Fase 1,G,,,,,,,,,,,,,,,,,
2021,aluno395,,,,,,,,,,,,,,,,,,,,,,,,,,,,,,,,,,,,
2022,aluno883,,,,0.0,7.791668,,Ametista,Destaque: A sua boa entrega das lições de casa.,Melhorar: Empenhar-se mais nas aulas e avaliações.,Melhorar: Integrar-se mais aos Princípios Passos Mágicos.,9.50002,9.666666666666666,7.5,5.5,6.25,7.166663333333332,10.0,Fase 1,E,,Mantido na Fase atual,Mantido na Fase atual,Mantido na Fase atual,,,Fase 1 ,2022,0.0,203.0,49.0,3.0,4.0,7.0,,3,0.0
2020,aluno1210,,,,,,,,,,,,,,,,,,,,,,,,,,,,,,,,,,,,
2022,aluno518,,,,,,,,,,,,,,,,,,,,,,,,,,,,,,,,,,,,
2022,aluno368,,,,,,,,,,,,,,,,,,,,,,,,,,,,,,,,,,,,
2022,aluno29,,,,0.0,4.935556331573656,,Quartzo,Melhorar: Melhorar a sua entrega de lições de casa.,Melhorar: Empenhar-se mais nas aulas e avaliações.,Melhorar: Integrar-se mais aos Princípios Passos Mágicos.,0.0,4.832296380090497,7.5,5.777777777777778,6.71875,5.7083325,2.5,Fase 3,C,,Promovido de Fase,Mantido na Fase atual,Promovido de Fase,Mantido na Fase atual,,Fase 6 ,2021,0.0,827.0,129.0,5.0,5.333333333333333,4.0,8.0,4,0.0
2021,aluno1195,Escola Pública,,,0.0,8.322,,Topázio,,,,9.2,8.6,7.5,7.4,7.9,8.3,10.0,Fase 3,B,Veterano,Promovido de Fase,Promovido de Fase + Bolsa,Promovido de Fase,Não avaliado,0.0,Fase 3 ,,,,,,,,,,
2021,aluno1115,Escola Pública,,,0.0,3.638,,Quartzo,,,,0.0,1.7,6.9,0.4,7.1,6.7,5.0,Fase 1,E,Ingressante,Mantido na Fase atual,Mantido na Fase atual,Mantido na Fase atual,Não avaliado,-2.0,Fase 3 ,,,,,,,,,,
2020,aluno519,,,,,,,,,,,,,,,,,,,,,,,,,,,,,,,,,,,,
2020,aluno1023,,,,,,,,,,,,,,,,,,,,,,,,,,,,,,,,,,,,
2021,aluno967,,,,,,,,,,,,,,,,,,,,,,,,,,,,,,,,,,,,
2020,aluno957,Escola Pública,10,1,0.0,7.671946,B,Ametista,Seu destaque em 2020: A sua boa entrega das lições de casa.,Seu destaque em 2020: As suas boas notas na Passos Mágicos.,Ponto a melhorar em 2021: Integrar-se mais aos Princípios Passos Mágicos.,7.41668,9.2,7.5,7.5,7.291666666666667,8.055556666666668,5.0,Fase 1,N,,,,,,,,,,,,,,,,,
2021,aluno367,Escola Pública,,,0.0,6.392,,Ágata,,,,7.9,4.4,7.5,4.8,7.0,6.5,10.0,Fase 4,F,Veterano,Promovido de Fase,Mantido na Fase atual,Promovido de Fase,Mantido na Fase atual,0.0,Fase 4 ,,,,,,,,,,
2022,aluno1338,,,,0.0,7.075193052489235,,Ametista,Destaque: A sua boa entrega das lições de casa.,Melhorar: Empenhar-se mais nas aulas e avaliações.,Melhorar: Integrar-se mais aos Princípios Passos Mágicos.,9.50002,8.480125262446176,7.5,5.166666666666667,6.458333333333332,7.499996666666666,5.0,Fase 2,D,,Promovido de Fase,Mantido na Fase atual,Promovido de Fase,,,Fase 3 ,2019,0.0,463.0,70.0,5.0,4.666666666666667,5.666666666666667,,3,0.0
2022,aluno557,,,,0.0,5.679047285714286,,Quartzo,Melhorar: Melhorar a sua entrega de lições de casa.,Melhorar: Empenhar-se mais nas aulas e avaliações.,Melhorar: Integrar-se mais aos Princípios Passos Mágicos.,9.16668,5.291071428571428,7.5,3.0,6.875,5.833325,5.0,Fase 3,K,,Mantido na Fase atual,Mantido na Fase atual,Mantido na Fase atual,Promovido de Fase,,Fase 4 ,2018,0.0,761.0,110.0,15.0,3.833333333333333,4.666666666666667,0.5,4,0.0
2021,aluno908,,,,,,,,,,,,,,,,,,,,,,,,,,,,,,,,,,,,
2021,aluno1084,Escola Pública,,,0.0,7.954,,Ametista,,,,8.0,9.6,6.9,5.6,7.9,8.2,10.0,Fase 1,F,Veterano,Mantido na Fase atual,Mantido na Fase atual,Mantido na Fase atual,Não avaliado,0.0,Fase 1 ,,,,,,,,,,
2021,aluno417,,,,,,,,,,,,,,,,,,,,,,,,,,,,,,,,,,,,
2021,aluno170,,,,,,,,,,,,,,,,,,,,,,,,,,,,,,,,,,,,
2021,aluno1224,,,,,,,,,,,,,,,,,,,,,,,,,,,,,,,,,,,,
2022,aluno1052,,,,0.0,8.11186499332851,,Topázio,Destaque: A sua boa entrega das lições de casa.,Destaque: As suas boas notas na Passos Mágicos.,Destaque: A sua boa integração aos Princípios Passos Mágicos.,9.50002,7.955148299975887,6.875,8.416666666666666,6.666666666666666,7.666666666666667,10.0,Fase 2,F,,Mantido na Fase atual,Promovido de Fase,Mantido na Fase atual,,,Fase 2 ,2022,0.0,111.0,16.0,2.0,7.833333333333333,9.0,,3,0.0
2022,aluno846,,,,,,,,,,,,,,,,,,,,,,,,,,,,,,,,,,,,
2020,aluno286,Escola Pública,12,0,0.0,6.956252,C,Ágata,Ponto a melhorar em 2021: Melhorar a sua entrega de lições de casa.,Seu destaque em 2020: As suas boas notas na Passos Mágicos.,Ponto a melhorar em 2021: Integrar-se mais aos Princípios Passos Mágicos.,8.000020000000001,6.0,6.875,7.5,7.1875,7.75,5.0,Fase 1,G,,,,,,,,,,,,,,,,,
2020,aluno285,Escola Pública,11,0,0.0,5.112502,D,Quartzo,Ponto a melhorar em 2021: Melhorar a sua entrega de lições de casa.,Ponto a melhorar em 2021: Empenhar-se mais nas aulas e avaliações.,Seu destaque em 2020: A sua boa integração aos Princípios Passos Mágicos.,9.50002,0.0,7.5,1.0,8.125,7.0,10.0,Fase 2,D,,,,,,,,,,,,,,,,,
2020,aluno110,,,,,,,,,,,,,,,,,,,,,,,,,,,,,,,,,,,,
2022,aluno53,,,,,,,,,,,,,,,,,,,,,,,,,,,,,,,,,,,,
2020,aluno728,,,,,,,,,,,,,,,,,,,,,,,,,,,,,,,,,,,,
2022,aluno997,,,,1.0,7.960716507936509,,Ametista,Destaque: A sua boa entrega das lições de casa.,Destaque: As suas boas notas na Passos Mágicos.,Destaque: A sua boa integração aos Princípios Passos Mágicos.,6.91668,9.206349206349206,4.375,8.0,6.458333333333334,8.722226666666666,10.0,Fase 2,A,,Promovido de Fase + Bolsa,Promovido de Fase,Promovido de Fase,,,Fase 2 ,2019,1.0,151.0,20.0,3.0,7.0,9.0,,3,0.0
2021,aluno1167,Escola Pública,,,0.0,6.294,,Ágata,,,,10.0,6.3,7.5,1.8,6.9,6.2,10.0,Fase 2,G,Veterano,Mantido na Fase atual,Mantido na Fase atual,Mantido na Fase atual,Não avaliado,0.0,Fase 2 ,,,,,,,,,,
2021,aluno917,,,,,,,,,,,,,,,,,,,,,,,,,,,,,,,,,,,,
2022,aluno361,,,,,,,,,,,,,,,,,,,,,,,,,,,,,,,,,,,,
2020,aluno42,,,,,,,,,,,,,,,,,,,,,,,,,,,,,,,,,,,,
2022,aluno387,,,,0.0,5.159305551302499,,Quartzo,Melhorar: Melhorar a sua entrega de lições de casa.,Melhorar: Empenhar-se mais nas aulas e avaliações.,Melhorar: Integrar-se mais aos Princípios Passos Mágicos.,7.5,5.126395534290271,6.25,3.222222222222222,6.5625,4.79166,5.0,Fase 4,P,,Mantido na Fase atual,Mantido na Fase atual,Mantido na Fase atual,Promovido de Fase,,Fase 5 ,2018,0.0,814.0,73.0,9.0,1.333333333333333,4.5,3.833333333333333,4,0.0
2021,aluno1073,Escola Pública,,,0.0,6.914,,Ametista,,,,8.5,8.3,7.5,5.4,7.5,6.6,5.0,Fase 1,B,Ingressante,Mantido na Fase atual,Mantido na Fase atual,Mantido na Fase atual,Não avaliado,-1.0,Fase 2 ,,,,,,,,,,
2020,aluno1208,,,,,,,,,,,,,,,,,,,,,,,,,,,,,,,,,,,,
2022,aluno536,,,,0.0,6.64462715942029,,Ágata,Destaque: A sua boa entrega das lições de casa.,Melhorar: Empenhar-se mais nas aulas e avaliações.,Melhorar: Integrar-se mais aos Princípios Passos Mágicos.,6.91668,9.64673913043478,7.5,4.333333333333333,5.625,6.722223333333333,5.0,Fase 2,K,,Mantido na Fase atual,Promovido de Fase,Mantido na Fase atual,,,Fase 3 ,2021,0.0,609.0,103.0,8.0,3.666666666666667,5.0,,3,0.0
2022,aluno1303,,,,,,,,,,,,,,,,,,,,,,,,,,,,,,,,,,,,
2020,aluno333,,,,,,,,,,,,,,,,,,,,,,,,,,,,,,,,,,,,
2022,aluno112,,,,,,,,,,,,,,,,,,,,,,,,,,,,,,,,,,,,
2020,aluno1141,Escola Pública,13,1,0.0,6.9812520000000005,C,Ágata,Ponto a melhorar em 2021: Melhorar a sua entrega de lições de casa.,Ponto a melhorar em 2021: Empenhar-se mais nas aulas e avaliações.,Ponto a melhorar em 2021: Integrar-se mais aos Princípios Passos Mágicos.,8.500020000000001,7.0,7.5,6.0,7.8125,7.5,5.0,Fase 2,D,,,,,,,,,,,,,,,,,
2021,aluno1316,,,,,,,,,,,,,,,,,,,,,,,,,,,,,,,,,,,,
2022,aluno1034,,,,0.0,7.495580529657477,,Ametista,Destaque: A sua boa entrega das lições de casa.,Melhorar: Empenhar-se mais nas aulas e avaliações.,Melhorar: Integrar-se mais aos Princípios Passos Mágicos.,9.50002,9.490392648287385,7.5,6.633333333333333,6.041666666666667,7.333333333333333,5.0,Fase 2,K,,Mantido na Fase atual,Promovido de Fase,Promovido de Fase,,,Fase 3 ,2019,0.0,314.0,47.0,3.0,5.433333333333334,7.833333333333333,,3,0.0
2022,aluno810,,,,0.0,5.930081395598497,,Quartzo,Melhorar: Melhorar a sua entrega de lições de casa.,Melhorar: Empenhar-se mais nas aulas e avaliações.,Melhorar: Integrar-se mais aos Princípios Passos Mágicos.,9.000020000000001,7.032340311325819,7.5,2.0,5.624999999999999,7.055556666666666,5.0,Fase 2,U,,Mantido na Fase atual,Promovido de Fase,Mantido na Fase atual,,,Fase 3 ,2022,0.0,735.0,133.0,14.0,1.833333333333333,2.166666666666667,,3,0.0
2022,aluno1123,,,,1.0,7.815768210526317,,Ametista,Destaque: A sua boa entrega das lições de casa.,Destaque: As suas boas notas na Passos Mágicos.,Destaque: A sua boa integração aos Princípios Passos Mágicos.,8.33334,9.201754385964913,6.875,7.866666666666666,7.8125,9.25,2.5,Fase 4,P,,Promovido de Fase + Bolsa,Mantido na Fase atual,Promovido de Fase,Promovido de Fase + Bolsa,,Fase 7 ,2019,1.0,198.0,18.0,2.0,9.0,7.5,7.099999999999999,4,0.0
2022,aluno1216,,,,,,,,,,,,,,,,,,,,,,,,,,,,,,,,,,,,
2020,aluno1143,,,,,,,,,,,,,,,,,,,,,,,,,,,,,,,,,,,,
2020,aluno1221,,,,,,,,,,,,,,,,,,,,,,,,,,,,,,,,,,,,
2020,aluno1164,,,,,,,,,,,,,,,,,,,,,,,,,,,,,,,,,,,,
2020,aluno1048,,,,,,,,,,,,,,,,,,,,,,,,,,,,,,,,,,,,
2021,aluno338,,,,,,,,,,,,,,,,,,,,,,,,,,,,,,,,,,,,
2021,aluno135,Escola Pública,,,0.0,5.788,,Ágata,,,,9.5,4.2,6.3,3.6,6.9,7.3,5.0,Fase 1,A,Veterano,Promovido de Fase,Mantido na Fase atual,Mantido na Fase atual,Não avaliado,-1.0,Fase 2 ,,,,,,,,,,
2020,aluno1288,Rede Decisão/União,16,4,0.0,6.728749,C,Ágata,Seu destaque em 2020: A sua boa entrega das lições de casa.,Ponto a melhorar em 2021: Empenhar-se mais nas aulas e avaliações.,Seu destaque em 2020: A sua boa integração aos Princípios Passos Mágicos.,0.0,7.8,7.5,6.0,7.1875,7.499995,10.0,Fase 6,B,,,,,,,,,,,,,,,,,
2021,aluno1191,Rede Decisão,,,0.0,4.615,,Quartzo,,,,7.5,2.5,4.4,1.9,7.1,4.2,10.0,Fase 3,A,Ingressante,Mantido na Fase atual,Promovido de Fase,Mantido na Fase atual,Não avaliado,0.0,Fase 3 ,,,,,,,,,,
2022,aluno1224,,,,0.0,6.775947831501832,,Ágata,Destaque: A sua boa entrega das lições de casa.,Melhorar: Empenhar-se mais nas aulas e avaliações.,Destaque: A sua boa integração aos Princípios Passos Mágicos.,7.416679999999999,8.824175824175825,6.25,4.666666666666666,6.666666666666666,7.722223333333334,5.0,Fase 2,I,,Mantido na Fase atual,Promovido de Fase,Mantido na Fase atual,,,Fase 3 ,2022,0.0,563.0,89.0,6.0,4.0,5.333333333333333,,3,0.0
2021,aluno923,Escola Pública,,,0.0,5.91,,Ágata,,,,8.0,8.3,5.0,3.9,6.6,5.0,5.0,ALFA,M,Veterano,Mantido na Fase atual,Mantido na Fase atual,Não avaliado,Não avaliado,-1.0,Fase 1 ,,,,,,,,,,
2022,aluno349,,,,,,,,,,,,,,,,,,,,,,,,,,,,,,,,,,,,
2020,aluno783,Escola Pública,11,0,0.0,6.995835000000001,C,Ágata,Seu destaque em 2020: A sua boa entrega das lições de casa.,Ponto a melhorar em 2021: Empenhar-se mais nas aulas e avaliações.,Ponto a melhorar em 2021: Integrar-se mais aos Princípios Passos Mágicos.,8.500020000000001,8.0,7.5,4.5,8.125,7.916665,5.0,Fase 1,M,,,,,,,,,,,,,,,,,
2021,aluno1268,Escola Pública,,,0.0,6.978,,Ametista,,,,8.0,7.5,7.5,5.0,7.5,8.4,5.0,Fase 1,A,Ingressante,Promovido de Fase,Mantido na Fase atual,Mantido na Fase atual,Não avaliado,-1.0,Fase 2 ,,,,,,,,,,
2022,aluno1137,,,,,,,,,,,,,,,,,,,,,,,,,,,,,,,,,,,,
2022,aluno1301,,,,,,,,,,,,,,,,,,,,,,,,,,,,,,,,,,,,
2021,aluno495,,,,,,,,,,,,,,,,,,,,,,,,,,,,,,,,,,,,
2020,aluno410,,,,,,,,,,,,,,,,,,,,,,,,,,,,,,,,,,,,
2021,aluno149,Rede Decisão,,,1.0,8.36,,Topázio,,,,8.8,8.1,6.9,7.4,8.3,9.4,10.0,Fase 7,A,Veterano,Promovido de Fase + Bolsa,Promovido de Fase + Bolsa,Promovido de Fase + Bolsa,Promovido de Fase + Bolsa,0.0,Fase 7 ,,,,,,,,,,
2020,aluno57,Rede Decisão/União,16,2,0.0,7.311667166666667,B,Ametista,Ponto a melhorar em 2021: Melhorar a sua entrega de lições de casa.,Ponto a melhorar em 2021: Empenhar-se mais nas aulas e avaliações.,Seu destaque em 2020: A sua boa integração aos Princípios Passos Mágicos.,8.33334,7.1,6.25,5.833333333333333,7.5,7.5833325,10.0,Fase 6,B,,,,,,,,,,,,,,,,,
